household_id,Acorn,Acorn_grouped,stdorToU
MAC005492,ACORN-,ACORN-,ToU
MAC000002,ACORN-A,Affluent,Std
MAC003613,ACORN-A,Affluent,Std
MAC003597,ACORN-A,Affluent,Std
MAC003579,ACORN-A,Affluent,Std
MAC003566,ACORN-A,Affluent,Std
MAC003557,ACORN-A,Affluent,Std
MAC003553,ACORN-A,Affluent,Std
MAC003482,ACORN-A,Affluent,Std
MAC003449,ACORN-A,Affluent,Std
MAC003428,ACORN-A,Affluent,Std
MAC003423,ACORN-A,Affluent,Std
MAC003422,ACORN-A,Affluent,Std
MAC003400,ACORN-A,Affluent,Std
MAC003394,ACORN-A,Affluent,Std
MAC003388,ACORN-A,Affluent,Std
MAC003348,ACORN-A,Affluent,Std
MAC000246,ACORN-A,Affluent,Std
MAC003305,ACORN-A,Affluent,Std
MAC003281,ACORN-A,Affluent,Std
MAC003252,ACORN-A,Affluent,Std
MAC003239,ACORN-A,Affluent,Std
MAC003646,ACORN-A,Affluent,Std
MAC003656,ACORN-A,Affluent,Std
MAC003668,ACORN-A,Affluent,Std
MAC003680,ACORN-A,Affluent,Std
MAC004431,ACORN-A,Affluent,Std
MAC004387,ACORN-A,Affluent,Std
MAC004319,ACORN-A,Affluent,Std
MAC004247,ACORN-A,Affluent,Std
MAC004179,ACORN-A,Affluent,Std
MAC004034,ACORN-A,Affluent,Std
MAC003874,ACORN-A,Affluent,Std
MAC003863,ACORN-A,Affluent,Std
MAC003856,ACORN-A,Affluent,Std
MAC003851,ACORN-A,Affluent,Std
MAC003223,ACORN-A,Affluent,Std
MAC003844,ACORN-A,Affluent,Std
MAC003826,ACORN-A,Affluent,Std
MAC003817,ACORN-A,Affluent,Std
MAC003805,ACORN-A,Affluent,Std
MAC003775,ACORN-A,Affluent,Std
MAC003740,ACORN-A,Affluent,Std
MAC003737,ACORN-A,Affluent,Std
MAC003719,ACORN-A,Affluent,Std
MAC003718,ACORN-A,Affluent,Std
MAC003686,ACORN-A,Affluent,Std
MAC000450,ACORN-A,Affluent,Std
MAC003840,ACORN-A,Affluent,Std
MAC003212,ACORN-A,Affluent,Std
MAC003182,ACORN-A,Affluent,Std
MAC003166,ACORN-A,Affluent,Std
MAC001628,ACORN-A,Affluent,Std
MAC001533,ACORN-A,Affluent,Std
MAC001528,ACORN-A,Affluent,Std
MAC001510,ACORN-A,Affluent,Std
MAC001271,ACORN-A,Affluent,Std
MAC001251,ACORN-A,Affluent,Std
MAC001239,ACORN-A,Affluent,Std
MAC001145,ACORN-A,Affluent,Std
MAC000974,ACORN-A,Affluent,Std
MAC000948,ACORN-A,Affluent,Std
MAC001689,ACORN-A,Affluent,Std
MAC000902,ACORN-A,Affluent,Std
MAC000850,ACORN-A,Affluent,Std
MAC000816,ACORN-A,Affluent,Std
MAC000778,ACORN-A,Affluent,Std
MAC000379,ACORN-A,Affluent,Std
MAC000768,ACORN-A,Affluent,Std
MAC000713,ACORN-A,Affluent,Std
MAC000386,ACORN-A,Affluent,Std
MAC000569,ACORN-A,Affluent,Std
MAC000557,ACORN-A,Affluent,Std
MAC000535,ACORN-A,Affluent,Std
MAC000886,ACORN-A,Affluent,Std
MAC004529,ACORN-A,Affluent,Std
MAC001710,ACORN-A,Affluent,Std
MAC001776,ACORN-A,Affluent,Std
MAC003110,ACORN-A,Affluent,Std
MAC003072,ACORN-A,Affluent,Std
MAC002937,ACORN-A,Affluent,Std
MAC002924,ACORN-A,Affluent,Std
MAC002813,ACORN-A,Affluent,Std
MAC002628,ACORN-A,Affluent,Std
MAC002601,ACORN-A,Affluent,Std
MAC002563,ACORN-A,Affluent,Std
MAC002562,ACORN-A,Affluent,Std
MAC001734,ACORN-A,Affluent,Std
MAC002314,ACORN-A,Affluent,Std
MAC002249,ACORN-A,Affluent,Std
MAC002150,ACORN-A,Affluent,Std
MAC002068,ACORN-A,Affluent,Std
MAC000323,ACORN-A,Affluent,Std
MAC002025,ACORN-A,Affluent,Std
MAC001989,ACORN-A,Affluent,Std
MAC001893,ACORN-A,Affluent,Std
MAC001843,ACORN-A,Affluent,Std
MAC001836,ACORN-A,Affluent,Std
MAC001819,ACORN-A,Affluent,Std
MAC002260,ACORN-A,Affluent,Std
MAC004554,ACORN-A,Affluent,Std
MAC003683,ACORN-A,Affluent,Std
MAC003257,ACORN-A,Affluent,ToU
MAC000464,ACORN-A,Affluent,ToU
MAC000339,ACORN-A,Affluent,ToU
MAC004872,ACORN-A,Affluent,Std
MAC005523,ACORN-A,Affluent,Std
MAC004054,ACORN-A,Affluent,ToU
MAC000103,ACORN-A,Affluent,Std
MAC000487,ACORN-A,Affluent,ToU
MAC004258,ACORN-A,Affluent,ToU
MAC003606,ACORN-A,Affluent,ToU
MAC005468,ACORN-A,Affluent,Std
MAC000110,ACORN-A,Affluent,Std
MAC005421,ACORN-A,Affluent,Std
MAC000112,ACORN-A,Affluent,Std
MAC005406,ACORN-A,Affluent,Std
MAC004374,ACORN-A,Affluent,ToU
MAC005283,ACORN-A,Affluent,Std
MAC000593,ACORN-A,Affluent,ToU
MAC000609,ACORN-A,Affluent,ToU
MAC003634,ACORN-A,Affluent,ToU
MAC000040,ACORN-A,Affluent,Std
MAC002199,ACORN-A,Affluent,ToU
MAC002134,ACORN-A,Affluent,ToU
MAC002113,ACORN-A,Affluent,ToU
MAC001736,ACORN-A,Affluent,ToU
MAC003286,ACORN-A,Affluent,ToU
MAC003474,ACORN-A,Affluent,ToU
MAC002552,ACORN-A,Affluent,ToU
MAC003807,ACORN-A,Affluent,ToU
MAC003895,ACORN-A,Affluent,ToU
MAC000797,ACORN-A,Affluent,ToU
MAC000030,ACORN-A,Affluent,Std
MAC003536,ACORN-A,Affluent,ToU
MAC004436,ACORN-A,Affluent,ToU
MAC002959,ACORN-A,Affluent,ToU
MAC004988,ACORN-A,Affluent,ToU
MAC005042,ACORN-A,Affluent,Std
MAC004789,ACORN-A,Affluent,ToU
MAC004900,ACORN-A,Affluent,Std
MAC004997,ACORN-A,Affluent,Std
MAC004713,ACORN-A,Affluent,ToU
MAC005160,ACORN-A,Affluent,ToU
MAC004593,ACORN-A,Affluent,ToU
MAC004955,ACORN-A,Affluent,ToU
MAC005172,ACORN-A,Affluent,ToU
MAC005159,ACORN-A,Affluent,ToU
MAC004543,ACORN-A,Affluent,ToU
MAC003211,ACORN-A,Affluent,ToU
MAC003221,ACORN-A,Affluent,ToU
MAC004832,ACORN-A,Affluent,ToU
MAC004417,ACORN-B,Affluent,Std
MAC004957,ACORN-B,Affluent,Std
MAC003173,ACORN-B,Affluent,Std
MAC003903,ACORN-B,Affluent,ToU
MAC001966,ACORN-B,Affluent,Std
MAC002327,ACORN-B,Affluent,Std
MAC004567,ACORN-B,Affluent,Std
MAC003445,ACORN-B,Affluent,Std
MAC003441,ACORN-B,Affluent,Std
MAC001835,ACORN-B,Affluent,ToU
MAC003403,ACORN-B,Affluent,Std
MAC001410,ACORN-B,Affluent,ToU
MAC003607,ACORN-B,Affluent,Std
MAC003876,ACORN-B,Affluent,Std
MAC001448,ACORN-B,Affluent,Std
MAC003900,ACORN-B,Affluent,Std
MAC004408,ACORN-B,Affluent,ToU
MAC003225,ACORN-B,Affluent,Std
MAC003908,ACORN-B,Affluent,Std
MAC003822,ACORN-B,Affluent,Std
MAC000897,ACORN-B,Affluent,Std
MAC003355,ACORN-B,Affluent,Std
MAC004287,ACORN-B,Affluent,Std
MAC002528,ACORN-B,Affluent,Std
MAC003427,ACORN-C,Affluent,ToU
MAC002862,ACORN-C,Affluent,Std
MAC002481,ACORN-C,Affluent,Std
MAC003580,ACORN-C,Affluent,ToU
MAC002859,ACORN-C,Affluent,Std
MAC003358,ACORN-C,Affluent,ToU
MAC002606,ACORN-C,Affluent,Std
MAC002599,ACORN-C,Affluent,Std
MAC002214,ACORN-C,Affluent,Std
MAC002474,ACORN-C,Affluent,Std
MAC003365,ACORN-C,Affluent,ToU
MAC002595,ACORN-C,Affluent,Std
MAC003387,ACORN-C,Affluent,ToU
MAC002582,ACORN-C,Affluent,Std
MAC002575,ACORN-C,Affluent,Std
MAC002296,ACORN-C,Affluent,Std
MAC002829,ACORN-C,Affluent,Std
MAC003366,ACORN-C,Affluent,ToU
MAC003434,ACORN-C,Affluent,ToU
MAC004848,ACORN-C,Affluent,Std
MAC002015,ACORN-C,Affluent,Std
MAC001371,ACORN-C,Affluent,Std
MAC001313,ACORN-C,Affluent,Std
MAC004509,ACORN-C,Affluent,ToU
MAC001140,ACORN-C,Affluent,Std
MAC004825,ACORN-C,Affluent,ToU
MAC000798,ACORN-C,Affluent,Std
MAC001395,ACORN-C,Affluent,Std
MAC004910,ACORN-C,Affluent,ToU
MAC000689,ACORN-C,Affluent,Std
MAC000630,ACORN-C,Affluent,Std
MAC005489,ACORN-C,Affluent,ToU
MAC000545,ACORN-C,Affluent,Std
MAC005550,ACORN-C,Affluent,ToU
MAC000517,ACORN-C,Affluent,Std
MAC000744,ACORN-C,Affluent,Std
MAC002070,ACORN-C,Affluent,Std
MAC001401,ACORN-C,Affluent,Std
MAC001488,ACORN-C,Affluent,Std
MAC003736,ACORN-C,Affluent,ToU
MAC001988,ACORN-C,Affluent,Std
MAC001958,ACORN-C,Affluent,Std
MAC003745,ACORN-C,Affluent,ToU
MAC003762,ACORN-C,Affluent,ToU
MAC003766,ACORN-C,Affluent,ToU
MAC001465,ACORN-C,Affluent,Std
MAC003782,ACORN-C,Affluent,ToU
MAC001664,ACORN-C,Affluent,Std
MAC001652,ACORN-C,Affluent,Std
MAC003914,ACORN-C,Affluent,ToU
MAC001579,ACORN-C,Affluent,Std
MAC001553,ACORN-C,Affluent,Std
MAC001544,ACORN-C,Affluent,Std
MAC001695,ACORN-C,Affluent,Std
MAC001661,ACORN-C,Affluent,Std
MAC002604,ACORN-C,Affluent,ToU
MAC003033,ACORN-C,Affluent,Std
MAC003901,ACORN-C,Affluent,Std
MAC003889,ACORN-C,Affluent,Std
MAC005066,ACORN-C,Affluent,Std
MAC005112,ACORN-C,Affluent,Std
MAC005320,ACORN-C,Affluent,Std
MAC003843,ACORN-C,Affluent,Std
MAC003804,ACORN-C,Affluent,Std
MAC003787,ACORN-C,Affluent,Std
MAC003907,ACORN-C,Affluent,Std
MAC003776,ACORN-C,Affluent,Std
MAC003755,ACORN-C,Affluent,Std
MAC005506,ACORN-C,Affluent,Std
MAC003731,ACORN-C,Affluent,Std
MAC005509,ACORN-C,Affluent,Std
MAC000005,ACORN-C,Affluent,ToU
MAC000017,ACORN-C,Affluent,ToU
MAC003642,ACORN-C,Affluent,Std
MAC005490,ACORN-C,Affluent,Std
MAC003912,ACORN-C,Affluent,Std
MAC003933,ACORN-C,Affluent,Std
MAC004029,ACORN-C,Affluent,Std
MAC004750,ACORN-C,Affluent,Std
MAC004712,ACORN-C,Affluent,Std
MAC004673,ACORN-C,Affluent,Std
MAC004664,ACORN-C,Affluent,Std
MAC004585,ACORN-C,Affluent,Std
MAC004925,ACORN-C,Affluent,Std
MAC004504,ACORN-C,Affluent,Std
MAC004455,ACORN-C,Affluent,Std
MAC004447,ACORN-C,Affluent,Std
MAC004415,ACORN-C,Affluent,Std
MAC004406,ACORN-C,Affluent,Std
MAC004989,ACORN-C,Affluent,Std
MAC004369,ACORN-C,Affluent,Std
MAC004367,ACORN-C,Affluent,Std
MAC004336,ACORN-C,Affluent,Std
MAC004249,ACORN-C,Affluent,Std
MAC005028,ACORN-C,Affluent,Std
MAC004108,ACORN-C,Affluent,Std
MAC004040,ACORN-C,Affluent,Std
MAC003639,ACORN-C,Affluent,Std
MAC000598,ACORN-C,Affluent,ToU
MAC003584,ACORN-C,Affluent,Std
MAC003313,ACORN-C,Affluent,Std
MAC003299,ACORN-C,Affluent,Std
MAC003288,ACORN-C,Affluent,Std
MAC003287,ACORN-C,Affluent,Std
MAC003283,ACORN-C,Affluent,Std
MAC003278,ACORN-C,Affluent,Std
MAC003275,ACORN-C,Affluent,Std
MAC003260,ACORN-C,Affluent,Std
MAC002797,ACORN-C,Affluent,ToU
MAC003235,ACORN-C,Affluent,Std
MAC003231,ACORN-C,Affluent,Std
MAC003061,ACORN-C,Affluent,ToU
MAC003220,ACORN-C,Affluent,Std
MAC003157,ACORN-C,Affluent,ToU
MAC003204,ACORN-C,Affluent,Std
MAC003184,ACORN-C,Affluent,Std
MAC003201,ACORN-C,Affluent,ToU
MAC003137,ACORN-C,Affluent,Std
MAC003065,ACORN-C,Affluent,Std
MAC003319,ACORN-C,Affluent,Std
MAC003001,ACORN-C,Affluent,Std
MAC003335,ACORN-C,Affluent,Std
MAC003339,ACORN-C,Affluent,Std
MAC001064,ACORN-C,Affluent,ToU
MAC003558,ACORN-C,Affluent,Std
MAC001219,ACORN-C,Affluent,ToU
MAC003556,ACORN-C,Affluent,Std
MAC003548,ACORN-C,Affluent,Std
MAC003511,ACORN-C,Affluent,Std
MAC003499,ACORN-C,Affluent,Std
MAC003487,ACORN-C,Affluent,Std
MAC003486,ACORN-C,Affluent,Std
MAC001471,ACORN-C,Affluent,ToU
MAC003442,ACORN-C,Affluent,Std
MAC001767,ACORN-C,Affluent,ToU
MAC003392,ACORN-C,Affluent,Std
MAC002201,ACORN-C,Affluent,ToU
MAC003368,ACORN-C,Affluent,Std
MAC003357,ACORN-C,Affluent,Std
MAC003349,ACORN-C,Affluent,Std
MAC002433,ACORN-C,Affluent,ToU
MAC002455,ACORN-C,Affluent,ToU
MAC000431,ACORN-C,Affluent,Std
MAC000096,ACORN-C,Affluent,Std
MAC000140,ACORN-C,Affluent,Std
MAC004539,ACORN-D,Affluent,Std
MAC000336,ACORN-D,Affluent,ToU
MAC000342,ACORN-D,Affluent,ToU
MAC001698,ACORN-D,Affluent,Std
MAC000727,ACORN-D,Affluent,Std
MAC002267,ACORN-D,Affluent,Std
MAC003013,ACORN-D,Affluent,Std
MAC002482,ACORN-D,Affluent,ToU
MAC001682,ACORN-D,Affluent,ToU
MAC000715,ACORN-D,Affluent,Std
MAC004527,ACORN-D,Affluent,Std
MAC002627,ACORN-D,Affluent,Std
MAC000456,ACORN-D,Affluent,ToU
MAC001717,ACORN-D,Affluent,Std
MAC004783,ACORN-D,Affluent,ToU
MAC004814,ACORN-D,Affluent,ToU
MAC002233,ACORN-D,Affluent,Std
MAC000084,ACORN-D,Affluent,Std
MAC000317,ACORN-D,Affluent,Std
MAC001691,ACORN-D,Affluent,Std
MAC004714,ACORN-D,Affluent,ToU
MAC001656,ACORN-D,Affluent,Std
MAC004637,ACORN-D,Affluent,Std
MAC000776,ACORN-D,Affluent,Std
MAC004628,ACORN-D,Affluent,Std
MAC003063,ACORN-D,Affluent,Std
MAC003502,ACORN-D,Affluent,ToU
MAC001425,ACORN-D,Affluent,Std
MAC000737,ACORN-D,Affluent,Std
MAC001826,ACORN-D,Affluent,ToU
MAC000193,ACORN-D,Affluent,ToU
MAC000194,ACORN-D,Affluent,ToU
MAC001098,ACORN-D,Affluent,Std
MAC000050,ACORN-D,Affluent,Std
MAC000073,ACORN-D,Affluent,Std
MAC003018,ACORN-D,Affluent,Std
MAC001825,ACORN-D,Affluent,ToU
MAC002497,ACORN-D,Affluent,ToU
MAC002218,ACORN-D,Affluent,Std
MAC000692,ACORN-D,Affluent,Std
MAC002170,ACORN-D,Affluent,Std
MAC001612,ACORN-D,Affluent,ToU
MAC004389,ACORN-D,Affluent,Std
MAC001766,ACORN-D,Affluent,Std
MAC004990,ACORN-D,Affluent,ToU
MAC004386,ACORN-D,Affluent,Std
MAC004385,ACORN-D,Affluent,Std
MAC001768,ACORN-D,Affluent,Std
MAC000632,ACORN-D,Affluent,Std
MAC001370,ACORN-D,Affluent,Std
MAC000289,ACORN-D,Affluent,Std
MAC000063,ACORN-D,Affluent,Std
MAC003709,ACORN-D,Affluent,Std
MAC002157,ACORN-D,Affluent,Std
MAC001614,ACORN-D,Affluent,ToU
MAC002335,ACORN-D,Affluent,Std
MAC000647,ACORN-D,Affluent,Std
MAC004409,ACORN-D,Affluent,Std
MAC001135,ACORN-D,Affluent,Std
MAC004475,ACORN-D,Affluent,Std
MAC005351,ACORN-D,Affluent,Std
MAC002505,ACORN-D,Affluent,Std
MAC001735,ACORN-D,Affluent,Std
MAC002978,ACORN-D,Affluent,Std
MAC002649,ACORN-D,Affluent,Std
MAC000085,ACORN-D,Affluent,Std
MAC004434,ACORN-D,Affluent,Std
MAC002965,ACORN-D,Affluent,Std
MAC001642,ACORN-D,Affluent,ToU
MAC004948,ACORN-D,Affluent,ToU
MAC004949,ACORN-D,Affluent,ToU
MAC002190,ACORN-D,Affluent,Std
MAC004968,ACORN-D,Affluent,ToU
MAC001157,ACORN-D,Affluent,Std
MAC005154,ACORN-D,Affluent,Std
MAC002946,ACORN-D,Affluent,Std
MAC000139,ACORN-D,Affluent,ToU
MAC004647,ACORN-D,Affluent,Std
MAC004611,ACORN-D,Affluent,ToU
MAC001552,ACORN-D,Affluent,Std
MAC002458,ACORN-D,Affluent,Std
MAC004888,ACORN-D,Affluent,Std
MAC004887,ACORN-D,Affluent,Std
MAC001561,ACORN-D,Affluent,Std
MAC003146,ACORN-D,Affluent,Std
MAC002428,ACORN-D,Affluent,Std
MAC005453,ACORN-D,Affluent,Std
MAC002230,ACORN-D,Affluent,ToU
MAC004218,ACORN-D,Affluent,ToU
MAC005003,ACORN-D,Affluent,Std
MAC001580,ACORN-D,Affluent,Std
MAC002243,ACORN-D,Affluent,ToU
MAC002083,ACORN-D,Affluent,ToU
MAC004843,ACORN-D,Affluent,Std
MAC001584,ACORN-D,Affluent,Std
MAC000888,ACORN-D,Affluent,Std
MAC001502,ACORN-D,Affluent,Std
MAC004091,ACORN-D,Affluent,ToU
MAC000079,ACORN-D,Affluent,Std
MAC001000,ACORN-D,Affluent,Std
MAC004953,ACORN-D,Affluent,Std
MAC000311,ACORN-D,Affluent,Std
MAC004945,ACORN-D,Affluent,Std
MAC001518,ACORN-D,Affluent,Std
MAC000983,ACORN-D,Affluent,Std
MAC002166,ACORN-D,Affluent,ToU
MAC004928,ACORN-D,Affluent,Std
MAC004927,ACORN-D,Affluent,Std
MAC004263,ACORN-D,Affluent,ToU
MAC000957,ACORN-D,Affluent,Std
MAC004976,ACORN-D,Affluent,Std
MAC001539,ACORN-D,Affluent,Std
MAC003229,ACORN-D,Affluent,Std
MAC004916,ACORN-D,Affluent,Std
MAC004915,ACORN-D,Affluent,Std
MAC004911,ACORN-D,Affluent,Std
MAC004987,ACORN-D,Affluent,Std
MAC002148,ACORN-D,Affluent,ToU
MAC004924,ACORN-D,Affluent,Std
MAC000105,ACORN-D,Affluent,Std
MAC002247,ACORN-D,Affluent,ToU
MAC004718,ACORN-D,Affluent,Std
MAC003093,ACORN-D,Affluent,Std
MAC004704,ACORN-D,Affluent,Std
MAC005380,ACORN-D,Affluent,Std
MAC002358,ACORN-D,Affluent,Std
MAC000815,ACORN-D,Affluent,Std
MAC004686,ACORN-D,Affluent,Std
MAC001873,ACORN-D,Affluent,ToU
MAC001928,ACORN-D,Affluent,ToU
MAC000808,ACORN-D,Affluent,Std
MAC000052,ACORN-D,Affluent,ToU
MAC004677,ACORN-D,Affluent,Std
MAC001638,ACORN-D,Affluent,Std
MAC004666,ACORN-D,Affluent,Std
MAC000377,ACORN-D,Affluent,Std
MAC001070,ACORN-D,Affluent,Std
MAC000109,ACORN-D,Affluent,ToU
MAC004653,ACORN-D,Affluent,Std
MAC004590,ACORN-D,Affluent,ToU
MAC004360,ACORN-D,Affluent,Std
MAC004448,ACORN-D,Affluent,ToU
MAC004439,ACORN-D,Affluent,ToU
MAC005015,ACORN-D,Affluent,Std
MAC005504,ACORN-D,Affluent,Std
MAC000871,ACORN-D,Affluent,Std
MAC004318,ACORN-D,Affluent,ToU
MAC002555,ACORN-D,Affluent,Std
MAC000866,ACORN-D,Affluent,Std
MAC005517,ACORN-D,Affluent,Std
MAC000863,ACORN-D,Affluent,Std
MAC003100,ACORN-D,Affluent,Std
MAC003364,ACORN-D,Affluent,Std
MAC002380,ACORN-D,Affluent,Std
MAC004760,ACORN-D,Affluent,Std
MAC000026,ACORN-D,Affluent,Std
MAC002005,ACORN-D,Affluent,ToU
MAC001613,ACORN-D,Affluent,Std
MAC002375,ACORN-D,Affluent,Std
MAC004399,ACORN-D,Affluent,ToU
MAC004740,ACORN-D,Affluent,Std
MAC003708,ACORN-D,Affluent,ToU
MAC002153,ACORN-D,Affluent,Std
MAC004959,ACORN-D,Affluent,Std
MAC002928,ACORN-D,Affluent,Std
MAC001352,ACORN-D,Affluent,ToU
MAC002929,ACORN-D,Affluent,Std
MAC001869,ACORN-D,Affluent,Std
MAC002050,ACORN-D,Affluent,Std
MAC004178,ACORN-D,Affluent,Std
MAC002725,ACORN-D,Affluent,Std
MAC005324,ACORN-D,Affluent,ToU
MAC001867,ACORN-D,Affluent,Std
MAC005224,ACORN-D,Affluent,Std
MAC002036,ACORN-D,Affluent,Std
MAC005349,ACORN-D,Affluent,ToU
MAC002931,ACORN-D,Affluent,ToU
MAC005354,ACORN-D,Affluent,ToU
MAC001235,ACORN-D,Affluent,Std
MAC005280,ACORN-D,Affluent,Std
MAC000931,ACORN-D,Affluent,ToU
MAC000884,ACORN-D,Affluent,ToU
MAC002851,ACORN-D,Affluent,Std
MAC001221,ACORN-D,Affluent,Std
MAC005255,ACORN-D,Affluent,ToU
MAC005211,ACORN-D,Affluent,Std
MAC001437,ACORN-D,Affluent,ToU
MAC001420,ACORN-D,Affluent,ToU
MAC000531,ACORN-D,Affluent,Std
MAC004225,ACORN-D,Affluent,Std
MAC000830,ACORN-D,Affluent,ToU
MAC000322,ACORN-D,Affluent,Std
MAC000522,ACORN-D,Affluent,Std
MAC001402,ACORN-D,Affluent,ToU
MAC004205,ACORN-D,Affluent,Std
MAC004198,ACORN-D,Affluent,Std
MAC002063,ACORN-D,Affluent,Std
MAC005219,ACORN-D,Affluent,Std
MAC004193,ACORN-D,Affluent,Std
MAC000857,ACORN-D,Affluent,ToU
MAC002010,ACORN-D,Affluent,Std
MAC000985,ACORN-D,Affluent,ToU
MAC000462,ACORN-D,Affluent,Std
MAC002765,ACORN-D,Affluent,ToU
MAC004016,ACORN-D,Affluent,Std
MAC005244,ACORN-D,Affluent,Std
MAC001166,ACORN-D,Affluent,ToU
MAC005249,ACORN-D,Affluent,Std
MAC004026,ACORN-D,Affluent,Std
MAC001964,ACORN-D,Affluent,Std
MAC005252,ACORN-D,Affluent,Std
MAC005273,ACORN-D,Affluent,Std
MAC001116,ACORN-D,Affluent,ToU
MAC005254,ACORN-D,Affluent,Std
MAC001956,ACORN-D,Affluent,Std
MAC004051,ACORN-D,Affluent,Std
MAC002779,ACORN-D,Affluent,Std
MAC004075,ACORN-D,Affluent,Std
MAC005261,ACORN-D,Affluent,Std
MAC004070,ACORN-D,Affluent,Std
MAC001980,ACORN-D,Affluent,Std
MAC002805,ACORN-D,Affluent,Std
MAC004006,ACORN-D,Affluent,Std
MAC001897,ACORN-D,Affluent,Std
MAC003958,ACORN-D,Affluent,Std
MAC001232,ACORN-D,Affluent,ToU
MAC000455,ACORN-D,Affluent,Std
MAC002820,ACORN-D,Affluent,Std
MAC005275,ACORN-D,Affluent,Std
MAC002751,ACORN-D,Affluent,Std
MAC001999,ACORN-D,Affluent,Std
MAC002812,ACORN-D,Affluent,Std
MAC003987,ACORN-D,Affluent,Std
MAC002741,ACORN-D,Affluent,ToU
MAC001255,ACORN-D,Affluent,Std
MAC002891,ACORN-D,Affluent,ToU
MAC000442,ACORN-D,Affluent,Std
MAC000326,ACORN-D,Affluent,Std
MAC001258,ACORN-D,Affluent,Std
MAC004111,ACORN-D,Affluent,Std
MAC004007,ACORN-D,Affluent,Std
MAC000155,ACORN-D,Affluent,Std
MAC000503,ACORN-D,Affluent,Std
MAC000814,ACORN-D,Affluent,ToU
MAC005318,ACORN-D,Affluent,Std
MAC002885,ACORN-D,Affluent,Std
MAC004276,ACORN-D,Affluent,Std
MAC002109,ACORN-D,Affluent,Std
MAC001803,ACORN-D,Affluent,Std
MAC005316,ACORN-D,Affluent,Std
MAC001359,ACORN-D,Affluent,Std
MAC005134,ACORN-D,Affluent,ToU
MAC002138,ACORN-D,Affluent,Std
MAC005184,ACORN-D,Affluent,ToU
MAC005106,ACORN-D,Affluent,ToU
MAC004340,ACORN-D,Affluent,Std
MAC002137,ACORN-D,Affluent,Std
MAC001800,ACORN-D,Affluent,Std
MAC005179,ACORN-D,Affluent,ToU
MAC005182,ACORN-D,Affluent,Std
MAC004280,ACORN-D,Affluent,Std
MAC002884,ACORN-D,Affluent,Std
MAC004292,ACORN-D,Affluent,Std
MAC004348,ACORN-D,Affluent,Std
MAC001495,ACORN-D,Affluent,ToU
MAC002622,ACORN-D,Affluent,ToU
MAC005181,ACORN-D,Affluent,Std
MAC002645,ACORN-D,Affluent,ToU
MAC005206,ACORN-D,Affluent,Std
MAC001821,ACORN-D,Affluent,Std
MAC005195,ACORN-D,Affluent,Std
MAC000803,ACORN-D,Affluent,ToU
MAC005070,ACORN-D,Affluent,ToU
MAC000572,ACORN-D,Affluent,Std
MAC000551,ACORN-D,Affluent,Std
MAC005205,ACORN-D,Affluent,Std
MAC000291,ACORN-D,Affluent,Std
MAC002670,ACORN-D,Affluent,Std
MAC002144,ACORN-D,Affluent,Std
MAC001787,ACORN-D,Affluent,Std
MAC002543,ACORN-E,Affluent,Std
MAC002556,ACORN-E,Affluent,Std
MAC002660,ACORN-E,Affluent,Std
MAC005399,ACORN-E,Affluent,Std
MAC002545,ACORN-E,Affluent,Std
MAC005329,ACORN-E,Affluent,Std
MAC002681,ACORN-E,Affluent,Std
MAC002752,ACORN-E,Affluent,Std
MAC005323,ACORN-E,Affluent,Std
MAC002542,ACORN-E,Affluent,Std
MAC002656,ACORN-E,Affluent,Std
MAC002546,ACORN-E,Affluent,Std
MAC005276,ACORN-E,Affluent,Std
MAC005314,ACORN-E,Affluent,Std
MAC002683,ACORN-E,Affluent,Std
MAC005326,ACORN-E,Affluent,Std
MAC005394,ACORN-E,Affluent,Std
MAC005327,ACORN-E,Affluent,Std
MAC005393,ACORN-E,Affluent,Std
MAC005315,ACORN-E,Affluent,Std
MAC002548,ACORN-E,Affluent,Std
MAC002549,ACORN-E,Affluent,Std
MAC002550,ACORN-E,Affluent,Std
MAC002750,ACORN-E,Affluent,Std
MAC005313,ACORN-E,Affluent,Std
MAC005392,ACORN-E,Affluent,Std
MAC000113,ACORN-E,Affluent,Std
MAC002754,ACORN-E,Affluent,Std
MAC002517,ACORN-E,Affluent,Std
MAC005322,ACORN-E,Affluent,Std
MAC005412,ACORN-E,Affluent,Std
MAC005270,ACORN-E,Affluent,Std
MAC005415,ACORN-E,Affluent,Std
MAC002764,ACORN-E,Affluent,Std
MAC002514,ACORN-E,Affluent,Std
MAC002663,ACORN-E,Affluent,Std
MAC002513,ACORN-E,Affluent,Std
MAC002512,ACORN-E,Affluent,Std
MAC005269,ACORN-E,Affluent,Std
MAC005416,ACORN-E,Affluent,Std
MAC002510,ACORN-E,Affluent,Std
MAC002666,ACORN-E,Affluent,Std
MAC002767,ACORN-E,Affluent,Std
MAC002509,ACORN-E,Affluent,Std
MAC005319,ACORN-E,Affluent,Std
MAC002518,ACORN-E,Affluent,Std
MAC002519,ACORN-E,Affluent,Std
MAC002761,ACORN-E,Affluent,Std
MAC005403,ACORN-E,Affluent,Std
MAC002539,ACORN-E,Affluent,Std
MAC005404,ACORN-E,Affluent,Std
MAC005405,ACORN-E,Affluent,Std
MAC002530,ACORN-E,Affluent,Std
MAC002676,ACORN-E,Affluent,Std
MAC005331,ACORN-E,Affluent,Std
MAC005407,ACORN-E,Affluent,Std
MAC005408,ACORN-E,Affluent,Std
MAC002525,ACORN-E,Affluent,Std
MAC002756,ACORN-E,Affluent,Std
MAC005317,ACORN-E,Affluent,Std
MAC005411,ACORN-E,Affluent,Std
MAC002662,ACORN-E,Affluent,Std
MAC002757,ACORN-E,Affluent,Std
MAC002522,ACORN-E,Affluent,Std
MAC005400,ACORN-E,Affluent,Std
MAC002557,ACORN-E,Affluent,Std
MAC000309,ACORN-E,Affluent,Std
MAC002558,ACORN-E,Affluent,Std
MAC002702,ACORN-E,Affluent,Std
MAC005367,ACORN-E,Affluent,Std
MAC000301,ACORN-E,Affluent,Std
MAC002605,ACORN-E,Affluent,Std
MAC002603,ACORN-E,Affluent,Std
MAC000302,ACORN-E,Affluent,Std
MAC005358,ACORN-E,Affluent,Std
MAC005295,ACORN-E,Affluent,Std
MAC005296,ACORN-E,Affluent,Std
MAC002635,ACORN-E,Affluent,Std
MAC002598,ACORN-E,Affluent,Std
MAC002636,ACORN-E,Affluent,Std
MAC002597,ACORN-E,Affluent,Std
MAC005356,ACORN-E,Affluent,Std
MAC005373,ACORN-E,Affluent,Std
MAC005355,ACORN-E,Affluent,Std
MAC005294,ACORN-E,Affluent,Std
MAC005309,ACORN-E,Affluent,Std
MAC000304,ACORN-E,Affluent,Std
MAC002608,ACORN-E,Affluent,Std
MAC002719,ACORN-E,Affluent,Std
MAC005360,ACORN-E,Affluent,Std
MAC002623,ACORN-E,Affluent,Std
MAC002621,ACORN-E,Affluent,Std
MAC005362,ACORN-E,Affluent,Std
MAC002620,ACORN-E,Affluent,Std
MAC005304,ACORN-E,Affluent,Std
MAC002626,ACORN-E,Affluent,Std
MAC005302,ACORN-E,Affluent,Std
MAC002617,ACORN-E,Affluent,Std
MAC005301,ACORN-E,Affluent,Std
MAC005307,ACORN-E,Affluent,Std
MAC005300,ACORN-E,Affluent,Std
MAC000299,ACORN-E,Affluent,Std
MAC002616,ACORN-E,Affluent,Std
MAC005299,ACORN-E,Affluent,Std
MAC005297,ACORN-E,Affluent,Std
MAC002615,ACORN-E,Affluent,Std
MAC000300,ACORN-E,Affluent,Std
MAC005365,ACORN-E,Affluent,Std
MAC002611,ACORN-E,Affluent,Std
MAC005375,ACORN-E,Affluent,Std
MAC005277,ACORN-E,Affluent,Std
MAC002590,ACORN-E,Affluent,Std
MAC005353,ACORN-E,Affluent,Std
MAC002648,ACORN-E,Affluent,Std
MAC002735,ACORN-E,Affluent,Std
MAC005383,ACORN-E,Affluent,Std
MAC002567,ACORN-E,Affluent,Std
MAC005387,ACORN-E,Affluent,Std
MAC002564,ACORN-E,Affluent,Std
MAC002737,ACORN-E,Affluent,Std
MAC002570,ACORN-E,Affluent,Std
MAC000308,ACORN-E,Affluent,Std
MAC002740,ACORN-E,Affluent,Std
MAC005282,ACORN-E,Affluent,Std
MAC005333,ACORN-E,Affluent,Std
MAC002693,ACORN-E,Affluent,Std
MAC005390,ACORN-E,Affluent,Std
MAC002691,ACORN-E,Affluent,Std
MAC005391,ACORN-E,Affluent,Std
MAC002744,ACORN-E,Affluent,Std
MAC005285,ACORN-E,Affluent,Std
MAC002571,ACORN-E,Affluent,Std
MAC005293,ACORN-E,Affluent,Std
MAC005334,ACORN-E,Affluent,Std
MAC002587,ACORN-E,Affluent,Std
MAC002584,ACORN-E,Affluent,Std
MAC002583,ACORN-E,Affluent,Std
MAC002641,ACORN-E,Affluent,Std
MAC002724,ACORN-E,Affluent,Std
MAC000306,ACORN-E,Affluent,Std
MAC005346,ACORN-E,Affluent,Std
MAC002727,ACORN-E,Affluent,Std
MAC002697,ACORN-E,Affluent,Std
MAC005311,ACORN-E,Affluent,Std
MAC002644,ACORN-E,Affluent,Std
MAC002581,ACORN-E,Affluent,Std
MAC005378,ACORN-E,Affluent,Std
MAC002729,ACORN-E,Affluent,Std
MAC002730,ACORN-E,Affluent,Std
MAC005343,ACORN-E,Affluent,Std
MAC000307,ACORN-E,Affluent,Std
MAC002573,ACORN-E,Affluent,Std
MAC005382,ACORN-E,Affluent,Std
MAC002588,ACORN-E,Affluent,Std
MAC002244,ACORN-E,Affluent,Std
MAC002372,ACORN-E,Affluent,Std
MAC002504,ACORN-E,Affluent,Std
MAC002142,ACORN-E,Affluent,Std
MAC002141,ACORN-E,Affluent,Std
MAC000681,ACORN-E,Affluent,ToU
MAC002135,ACORN-E,Affluent,Std
MAC002133,ACORN-E,Affluent,Std
MAC002130,ACORN-E,Affluent,Std
MAC000709,ACORN-E,Affluent,ToU
MAC002125,ACORN-E,Affluent,Std
MAC000716,ACORN-E,Affluent,ToU
MAC000719,ACORN-E,Affluent,ToU
MAC002121,ACORN-E,Affluent,Std
MAC002120,ACORN-E,Affluent,Std
MAC002143,ACORN-E,Affluent,Std
MAC000722,ACORN-E,Affluent,ToU
MAC002112,ACORN-E,Affluent,Std
MAC000738,ACORN-E,Affluent,ToU
MAC000755,ACORN-E,Affluent,ToU
MAC000766,ACORN-E,Affluent,ToU
MAC002100,ACORN-E,Affluent,Std
MAC000772,ACORN-E,Affluent,ToU
MAC002096,ACORN-E,Affluent,Std
MAC000775,ACORN-E,Affluent,ToU
MAC000785,ACORN-E,Affluent,ToU
MAC002091,ACORN-E,Affluent,Std
MAC000791,ACORN-E,Affluent,ToU
MAC002082,ACORN-E,Affluent,Std
MAC002114,ACORN-E,Affluent,Std
MAC000817,ACORN-E,Affluent,ToU
MAC002145,ACORN-E,Affluent,Std
MAC000320,ACORN-E,Affluent,Std
MAC002204,ACORN-E,Affluent,Std
MAC002203,ACORN-E,Affluent,Std
MAC002202,ACORN-E,Affluent,Std
MAC000521,ACORN-E,Affluent,ToU
MAC000523,ACORN-E,Affluent,ToU
MAC000525,ACORN-E,Affluent,ToU
MAC000544,ACORN-E,Affluent,ToU
MAC000561,ACORN-E,Affluent,ToU
MAC000095,ACORN-E,Affluent,Std
MAC002187,ACORN-E,Affluent,Std
MAC002184,ACORN-E,Affluent,Std
MAC000673,ACORN-E,Affluent,ToU
MAC002180,ACORN-E,Affluent,Std
MAC000628,ACORN-E,Affluent,ToU
MAC002172,ACORN-E,Affluent,Std
MAC002171,ACORN-E,Affluent,Std
MAC000633,ACORN-E,Affluent,ToU
MAC002165,ACORN-E,Affluent,Std
MAC002162,ACORN-E,Affluent,Std
MAC000640,ACORN-E,Affluent,ToU
MAC002160,ACORN-E,Affluent,Std
MAC000665,ACORN-E,Affluent,ToU
MAC002158,ACORN-E,Affluent,Std
MAC000666,ACORN-E,Affluent,ToU
MAC000672,ACORN-E,Affluent,ToU
MAC002179,ACORN-E,Affluent,Std
MAC000819,ACORN-E,Affluent,ToU
MAC002078,ACORN-E,Affluent,Std
MAC000822,ACORN-E,Affluent,ToU
MAC000994,ACORN-E,Affluent,ToU
MAC001004,ACORN-E,Affluent,ToU
MAC001013,ACORN-E,Affluent,ToU
MAC001995,ACORN-E,Affluent,Std
MAC001014,ACORN-E,Affluent,ToU
MAC001015,ACORN-E,Affluent,ToU
MAC001990,ACORN-E,Affluent,Std
MAC000327,ACORN-E,Affluent,Std
MAC001987,ACORN-E,Affluent,Std
MAC001024,ACORN-E,Affluent,ToU
MAC001979,ACORN-E,Affluent,Std
MAC001978,ACORN-E,Affluent,Std
MAC002002,ACORN-E,Affluent,Std
MAC001030,ACORN-E,Affluent,ToU
MAC001970,ACORN-E,Affluent,Std
MAC001075,ACORN-E,Affluent,ToU
MAC001087,ACORN-E,Affluent,ToU
MAC001963,ACORN-E,Affluent,Std
MAC001962,ACORN-E,Affluent,Std
MAC001960,ACORN-E,Affluent,Std
MAC000330,ACORN-E,Affluent,Std
MAC001096,ACORN-E,Affluent,ToU
MAC001954,ACORN-E,Affluent,Std
MAC001097,ACORN-E,Affluent,ToU
MAC001950,ACORN-E,Affluent,Std
MAC001972,ACORN-E,Affluent,Std
MAC000993,ACORN-E,Affluent,ToU
MAC000991,ACORN-E,Affluent,ToU
MAC002007,ACORN-E,Affluent,Std
MAC000828,ACORN-E,Affluent,ToU
MAC002072,ACORN-E,Affluent,Std
MAC000321,ACORN-E,Affluent,Std
MAC002066,ACORN-E,Affluent,Std
MAC002064,ACORN-E,Affluent,Std
MAC000851,ACORN-E,Affluent,ToU
MAC002058,ACORN-E,Affluent,Std
MAC000868,ACORN-E,Affluent,ToU
MAC000877,ACORN-E,Affluent,ToU
MAC000878,ACORN-E,Affluent,ToU
MAC000895,ACORN-E,Affluent,ToU
MAC002047,ACORN-E,Affluent,Std
MAC000910,ACORN-E,Affluent,ToU
MAC002042,ACORN-E,Affluent,Std
MAC000935,ACORN-E,Affluent,ToU
MAC000939,ACORN-E,Affluent,ToU
MAC000942,ACORN-E,Affluent,ToU
MAC000945,ACORN-E,Affluent,ToU
MAC002027,ACORN-E,Affluent,Std
MAC002026,ACORN-E,Affluent,Std
MAC000324,ACORN-E,Affluent,Std
MAC000982,ACORN-E,Affluent,ToU
MAC002019,ACORN-E,Affluent,Std
MAC002016,ACORN-E,Affluent,Std
MAC000325,ACORN-E,Affluent,Std
MAC002008,ACORN-E,Affluent,Std
MAC000500,ACORN-E,Affluent,ToU
MAC000497,ACORN-E,Affluent,ToU
MAC002210,ACORN-E,Affluent,Std
MAC005455,ACORN-E,Affluent,Std
MAC005457,ACORN-E,Affluent,Std
MAC005459,ACORN-E,Affluent,Std
MAC005462,ACORN-E,Affluent,Std
MAC005469,ACORN-E,Affluent,Std
MAC005479,ACORN-E,Affluent,Std
MAC002407,ACORN-E,Affluent,Std
MAC005491,ACORN-E,Affluent,Std
MAC005496,ACORN-E,Affluent,Std
MAC002399,ACORN-E,Affluent,Std
MAC005497,ACORN-E,Affluent,Std
MAC002394,ACORN-E,Affluent,Std
MAC005454,ACORN-E,Affluent,Std
MAC005502,ACORN-E,Affluent,Std
MAC005505,ACORN-E,Affluent,Std
MAC005521,ACORN-E,Affluent,Std
MAC005526,ACORN-E,Affluent,Std
MAC005531,ACORN-E,Affluent,Std
MAC005532,ACORN-E,Affluent,Std
MAC002381,ACORN-E,Affluent,Std
MAC005539,ACORN-E,Affluent,Std
MAC002378,ACORN-E,Affluent,Std
MAC005268,ACORN-E,Affluent,Std
MAC005552,ACORN-E,Affluent,Std
MAC002370,ACORN-E,Affluent,Std
MAC002390,ACORN-E,Affluent,Std
MAC005447,ACORN-E,Affluent,Std
MAC005446,ACORN-E,Affluent,Std
MAC002434,ACORN-E,Affluent,Std
MAC005417,ACORN-E,Affluent,Std
MAC002499,ACORN-E,Affluent,Std
MAC002498,ACORN-E,Affluent,Std
MAC002494,ACORN-E,Affluent,Std
MAC005418,ACORN-E,Affluent,Std
MAC002492,ACORN-E,Affluent,Std
MAC005419,ACORN-E,Affluent,Std
MAC005420,ACORN-E,Affluent,Std
MAC000312,ACORN-E,Affluent,Std
MAC002479,ACORN-E,Affluent,Std
MAC002478,ACORN-E,Affluent,Std
MAC002477,ACORN-E,Affluent,Std
MAC005423,ACORN-E,Affluent,Std
MAC002471,ACORN-E,Affluent,Std
MAC002469,ACORN-E,Affluent,Std
MAC005426,ACORN-E,Affluent,Std
MAC005428,ACORN-E,Affluent,Std
MAC005433,ACORN-E,Affluent,Std
MAC002454,ACORN-E,Affluent,Std
MAC005437,ACORN-E,Affluent,Std
MAC002442,ACORN-E,Affluent,Std
MAC002441,ACORN-E,Affluent,Std
MAC005440,ACORN-E,Affluent,Std
MAC005442,ACORN-E,Affluent,Std
MAC002436,ACORN-E,Affluent,Std
MAC005553,ACORN-E,Affluent,Std
MAC002506,ACORN-E,Affluent,Std
MAC005554,ACORN-E,Affluent,Std
MAC000219,ACORN-E,Affluent,ToU
MAC002302,ACORN-E,Affluent,Std
MAC000257,ACORN-E,Affluent,ToU
MAC002297,ACORN-E,Affluent,Std
MAC002289,ACORN-E,Affluent,Std
MAC000288,ACORN-E,Affluent,ToU
MAC000298,ACORN-E,Affluent,ToU
MAC002285,ACORN-E,Affluent,Std
MAC002282,ACORN-E,Affluent,Std
MAC000344,ACORN-E,Affluent,ToU
MAC002271,ACORN-E,Affluent,Std
MAC000384,ACORN-E,Affluent,ToU
MAC002306,ACORN-E,Affluent,Std
MAC000418,ACORN-E,Affluent,ToU
MAC000421,ACORN-E,Affluent,ToU
MAC002257,ACORN-E,Affluent,Std
MAC002255,ACORN-E,Affluent,Std
MAC002250,ACORN-E,Affluent,Std
MAC002241,ACORN-E,Affluent,Std
MAC002228,ACORN-E,Affluent,Std
MAC002224,ACORN-E,Affluent,Std
MAC000475,ACORN-E,Affluent,ToU
MAC002221,ACORN-E,Affluent,Std
MAC000478,ACORN-E,Affluent,ToU
MAC002213,ACORN-E,Affluent,Std
MAC002211,ACORN-E,Affluent,Std
MAC002259,ACORN-E,Affluent,Std
MAC002307,ACORN-E,Affluent,Std
MAC002310,ACORN-E,Affluent,Std
MAC000186,ACORN-E,Affluent,ToU
MAC005566,ACORN-E,Affluent,Std
MAC000015,ACORN-E,Affluent,ToU
MAC002361,ACORN-E,Affluent,Std
MAC002360,ACORN-E,Affluent,Std
MAC002359,ACORN-E,Affluent,Std
MAC002355,ACORN-E,Affluent,Std
MAC000048,ACORN-E,Affluent,ToU
MAC000064,ACORN-E,Affluent,ToU
MAC000075,ACORN-E,Affluent,ToU
MAC000076,ACORN-E,Affluent,ToU
MAC000082,ACORN-E,Affluent,ToU
MAC002343,ACORN-E,Affluent,Std
MAC002341,ACORN-E,Affluent,Std
MAC002340,ACORN-E,Affluent,Std
MAC002333,ACORN-E,Affluent,Std
MAC000141,ACORN-E,Affluent,ToU
MAC002330,ACORN-E,Affluent,Std
MAC002326,ACORN-E,Affluent,Std
MAC000165,ACORN-E,Affluent,ToU
MAC002322,ACORN-E,Affluent,Std
MAC002321,ACORN-E,Affluent,Std
MAC002319,ACORN-E,Affluent,Std
MAC002317,ACORN-E,Affluent,Std
MAC000173,ACORN-E,Affluent,ToU
MAC000315,ACORN-E,Affluent,Std
MAC005555,ACORN-E,Affluent,Std
MAC005267,ACORN-E,Affluent,Std
MAC002907,ACORN-E,Affluent,Std
MAC005263,ACORN-E,Affluent,Std
MAC004463,ACORN-E,Affluent,Std
MAC004468,ACORN-E,Affluent,Std
MAC004470,ACORN-E,Affluent,Std
MAC004471,ACORN-E,Affluent,Std
MAC004473,ACORN-E,Affluent,Std
MAC004474,ACORN-E,Affluent,Std
MAC004476,ACORN-E,Affluent,Std
MAC004477,ACORN-E,Affluent,Std
MAC003603,ACORN-E,Affluent,Std
MAC004480,ACORN-E,Affluent,Std
MAC004482,ACORN-E,Affluent,Std
MAC004487,ACORN-E,Affluent,Std
MAC004496,ACORN-E,Affluent,Std
MAC004458,ACORN-E,Affluent,Std
MAC004500,ACORN-E,Affluent,Std
MAC004510,ACORN-E,Affluent,Std
MAC004511,ACORN-E,Affluent,Std
MAC004512,ACORN-E,Affluent,Std
MAC004517,ACORN-E,Affluent,Std
MAC004518,ACORN-E,Affluent,Std
MAC004519,ACORN-E,Affluent,Std
MAC004522,ACORN-E,Affluent,Std
MAC004528,ACORN-E,Affluent,Std
MAC004531,ACORN-E,Affluent,Std
MAC004534,ACORN-E,Affluent,Std
MAC003562,ACORN-E,Affluent,Std
MAC004535,ACORN-E,Affluent,Std
MAC000214,ACORN-E,Affluent,Std
MAC000138,ACORN-E,Affluent,Std
MAC004454,ACORN-E,Affluent,Std
MAC004452,ACORN-E,Affluent,Std
MAC003711,ACORN-E,Affluent,Std
MAC003710,ACORN-E,Affluent,Std
MAC000398,ACORN-E,Affluent,Std
MAC000150,ACORN-E,Affluent,Std
MAC004373,ACORN-E,Affluent,Std
MAC004377,ACORN-E,Affluent,Std
MAC004379,ACORN-E,Affluent,Std
MAC004380,ACORN-E,Affluent,Std
MAC004383,ACORN-E,Affluent,Std
MAC004388,ACORN-E,Affluent,Std
MAC000203,ACORN-E,Affluent,Std
MAC004390,ACORN-E,Affluent,Std
MAC004394,ACORN-E,Affluent,Std
MAC004398,ACORN-E,Affluent,Std
MAC004402,ACORN-E,Affluent,Std
MAC004404,ACORN-E,Affluent,Std
MAC004410,ACORN-E,Affluent,Std
MAC004411,ACORN-E,Affluent,Std
MAC004413,ACORN-E,Affluent,Std
MAC000144,ACORN-E,Affluent,Std
MAC000205,ACORN-E,Affluent,Std
MAC004421,ACORN-E,Affluent,Std
MAC004426,ACORN-E,Affluent,Std
MAC004428,ACORN-E,Affluent,Std
MAC004430,ACORN-E,Affluent,Std
MAC004438,ACORN-E,Affluent,Std
MAC004443,ACORN-E,Affluent,Std
MAC004446,ACORN-E,Affluent,Std
MAC000218,ACORN-E,Affluent,Std
MAC000220,ACORN-E,Affluent,Std
MAC004537,ACORN-E,Affluent,Std
MAC004644,ACORN-E,Affluent,Std
MAC003465,ACORN-E,Affluent,Std
MAC004645,ACORN-E,Affluent,Std
MAC003460,ACORN-E,Affluent,Std
MAC004648,ACORN-E,Affluent,Std
MAC004650,ACORN-E,Affluent,Std
MAC004656,ACORN-E,Affluent,Std
MAC003451,ACORN-E,Affluent,Std
MAC000228,ACORN-E,Affluent,Std
MAC000132,ACORN-E,Affluent,Std
MAC004665,ACORN-E,Affluent,Std
MAC004671,ACORN-E,Affluent,Std
MAC000131,ACORN-E,Affluent,Std
MAC004682,ACORN-E,Affluent,Std
MAC004690,ACORN-E,Affluent,Std
MAC004694,ACORN-E,Affluent,Std
MAC004695,ACORN-E,Affluent,Std
MAC000234,ACORN-E,Affluent,Std
MAC004699,ACORN-E,Affluent,Std
MAC004701,ACORN-E,Affluent,Std
MAC004702,ACORN-E,Affluent,Std
MAC004705,ACORN-E,Affluent,Std
MAC004706,ACORN-E,Affluent,Std
MAC004707,ACORN-E,Affluent,Std
MAC004727,ACORN-E,Affluent,Std
MAC004730,ACORN-E,Affluent,Std
MAC000235,ACORN-E,Affluent,Std
MAC004736,ACORN-E,Affluent,Std
MAC004638,ACORN-E,Affluent,Std
MAC004356,ACORN-E,Affluent,Std
MAC004634,ACORN-E,Affluent,Std
MAC004629,ACORN-E,Affluent,Std
MAC004538,ACORN-E,Affluent,Std
MAC000221,ACORN-E,Affluent,Std
MAC004548,ACORN-E,Affluent,Std
MAC004549,ACORN-E,Affluent,Std
MAC004552,ACORN-E,Affluent,Std
MAC004553,ACORN-E,Affluent,Std
MAC004555,ACORN-E,Affluent,Std
MAC004556,ACORN-E,Affluent,Std
MAC004560,ACORN-E,Affluent,Std
MAC004562,ACORN-E,Affluent,Std
MAC004564,ACORN-E,Affluent,Std
MAC004565,ACORN-E,Affluent,Std
MAC004571,ACORN-E,Affluent,Std
MAC004574,ACORN-E,Affluent,Std
MAC004579,ACORN-E,Affluent,Std
MAC004581,ACORN-E,Affluent,Std
MAC004582,ACORN-E,Affluent,Std
MAC004584,ACORN-E,Affluent,Std
MAC004586,ACORN-E,Affluent,Std
MAC003506,ACORN-E,Affluent,Std
MAC004595,ACORN-E,Affluent,Std
MAC004601,ACORN-E,Affluent,Std
MAC004613,ACORN-E,Affluent,Std
MAC004614,ACORN-E,Affluent,Std
MAC004617,ACORN-E,Affluent,Std
MAC004618,ACORN-E,Affluent,Std
MAC004619,ACORN-E,Affluent,Std
MAC004625,ACORN-E,Affluent,Std
MAC004627,ACORN-E,Affluent,Std
MAC000224,ACORN-E,Affluent,Std
MAC004355,ACORN-E,Affluent,Std
MAC004353,ACORN-E,Affluent,Std
MAC003966,ACORN-E,Affluent,Std
MAC003962,ACORN-E,Affluent,Std
MAC004136,ACORN-E,Affluent,Std
MAC003956,ACORN-E,Affluent,Std
MAC003953,ACORN-E,Affluent,Std
MAC003952,ACORN-E,Affluent,Std
MAC003949,ACORN-E,Affluent,Std
MAC004139,ACORN-E,Affluent,Std
MAC003946,ACORN-E,Affluent,Std
MAC003945,ACORN-E,Affluent,Std
MAC003944,ACORN-E,Affluent,Std
MAC003943,ACORN-E,Affluent,Std
MAC004143,ACORN-E,Affluent,Std
MAC003940,ACORN-E,Affluent,Std
MAC003938,ACORN-E,Affluent,Std
MAC004146,ACORN-E,Affluent,Std
MAC003934,ACORN-E,Affluent,Std
MAC004148,ACORN-E,Affluent,Std
MAC003932,ACORN-E,Affluent,Std
MAC004153,ACORN-E,Affluent,Std
MAC004158,ACORN-E,Affluent,Std
MAC004162,ACORN-E,Affluent,Std
MAC004171,ACORN-E,Affluent,Std
MAC004173,ACORN-E,Affluent,Std
MAC004174,ACORN-E,Affluent,Std
MAC003920,ACORN-E,Affluent,Std
MAC004176,ACORN-E,Affluent,Std
MAC003910,ACORN-E,Affluent,Std
MAC003970,ACORN-E,Affluent,Std
MAC000164,ACORN-E,Affluent,Std
MAC003974,ACORN-E,Affluent,Std
MAC003985,ACORN-E,Affluent,Std
MAC004072,ACORN-E,Affluent,Std
MAC004073,ACORN-E,Affluent,Std
MAC004055,ACORN-E,Affluent,Std
MAC004080,ACORN-E,Affluent,Std
MAC004082,ACORN-E,Affluent,Std
MAC004046,ACORN-E,Affluent,Std
MAC004045,ACORN-E,Affluent,Std
MAC004084,ACORN-E,Affluent,Std
MAC004087,ACORN-E,Affluent,Std
MAC004041,ACORN-E,Affluent,Std
MAC000159,ACORN-E,Affluent,Std
MAC004038,ACORN-E,Affluent,Std
MAC004094,ACORN-E,Affluent,Std
MAC000161,ACORN-E,Affluent,Std
MAC004096,ACORN-E,Affluent,Std
MAC004022,ACORN-E,Affluent,Std
MAC004020,ACORN-E,Affluent,Std
MAC004099,ACORN-E,Affluent,Std
MAC004102,ACORN-E,Affluent,Std
MAC004015,ACORN-E,Affluent,Std
MAC004014,ACORN-E,Affluent,Std
MAC004013,ACORN-E,Affluent,Std
MAC004105,ACORN-E,Affluent,Std
MAC004112,ACORN-E,Affluent,Std
MAC004003,ACORN-E,Affluent,Std
MAC004115,ACORN-E,Affluent,Std
MAC004116,ACORN-E,Affluent,Std
MAC003994,ACORN-E,Affluent,Std
MAC003993,ACORN-E,Affluent,Std
MAC004132,ACORN-E,Affluent,Std
MAC000237,ACORN-E,Affluent,Std
MAC004181,ACORN-E,Affluent,Std
MAC004185,ACORN-E,Affluent,Std
MAC000153,ACORN-E,Affluent,Std
MAC004289,ACORN-E,Affluent,Std
MAC003790,ACORN-E,Affluent,Std
MAC003789,ACORN-E,Affluent,Std
MAC004294,ACORN-E,Affluent,Std
MAC004298,ACORN-E,Affluent,Std
MAC004300,ACORN-E,Affluent,Std
MAC003777,ACORN-E,Affluent,Std
MAC000189,ACORN-E,Affluent,Std
MAC004308,ACORN-E,Affluent,Std
MAC004317,ACORN-E,Affluent,Std
MAC000152,ACORN-E,Affluent,Std
MAC004325,ACORN-E,Affluent,Std
MAC004327,ACORN-E,Affluent,Std
MAC004328,ACORN-E,Affluent,Std
MAC004330,ACORN-E,Affluent,Std
MAC004332,ACORN-E,Affluent,Std
MAC000191,ACORN-E,Affluent,Std
MAC003746,ACORN-E,Affluent,Std
MAC004339,ACORN-E,Affluent,Std
MAC004341,ACORN-E,Affluent,Std
MAC004342,ACORN-E,Affluent,Std
MAC004343,ACORN-E,Affluent,Std
MAC004345,ACORN-E,Affluent,Std
MAC004349,ACORN-E,Affluent,Std
MAC004351,ACORN-E,Affluent,Std
MAC003725,ACORN-E,Affluent,Std
MAC003724,ACORN-E,Affluent,Std
MAC004352,ACORN-E,Affluent,Std
MAC003800,ACORN-E,Affluent,Std
MAC003906,ACORN-E,Affluent,Std
MAC004278,ACORN-E,Affluent,Std
MAC000182,ACORN-E,Affluent,Std
MAC000168,ACORN-E,Affluent,Std
MAC003898,ACORN-E,Affluent,Std
MAC004191,ACORN-E,Affluent,Std
MAC004192,ACORN-E,Affluent,Std
MAC000169,ACORN-E,Affluent,Std
MAC004194,ACORN-E,Affluent,Std
MAC004195,ACORN-E,Affluent,Std
MAC004196,ACORN-E,Affluent,Std
MAC004210,ACORN-E,Affluent,Std
MAC004211,ACORN-E,Affluent,Std
MAC000172,ACORN-E,Affluent,Std
MAC004213,ACORN-E,Affluent,Std
MAC004216,ACORN-E,Affluent,Std
MAC004219,ACORN-E,Affluent,Std
MAC004221,ACORN-E,Affluent,Std
MAC000175,ACORN-E,Affluent,Std
MAC003854,ACORN-E,Affluent,Std
MAC004233,ACORN-E,Affluent,Std
MAC000176,ACORN-E,Affluent,Std
MAC004238,ACORN-E,Affluent,Std
MAC003845,ACORN-E,Affluent,Std
MAC004251,ACORN-E,Affluent,Std
MAC000179,ACORN-E,Affluent,Std
MAC004252,ACORN-E,Affluent,Std
MAC004266,ACORN-E,Affluent,Std
MAC004269,ACORN-E,Affluent,Std
MAC000181,ACORN-E,Affluent,Std
MAC003818,ACORN-E,Affluent,Std
MAC004272,ACORN-E,Affluent,Std
MAC004738,ACORN-E,Affluent,Std
MAC000129,ACORN-E,Affluent,Std
MAC004752,ACORN-E,Affluent,Std
MAC003007,ACORN-E,Affluent,Std
MAC003006,ACORN-E,Affluent,Std
MAC003005,ACORN-E,Affluent,Std
MAC003004,ACORN-E,Affluent,Std
MAC000116,ACORN-E,Affluent,Std
MAC005113,ACORN-E,Affluent,Std
MAC000287,ACORN-E,Affluent,Std
MAC005117,ACORN-E,Affluent,Std
MAC005120,ACORN-E,Affluent,Std
MAC002990,ACORN-E,Affluent,Std
MAC002980,ACORN-E,Affluent,Std
MAC005131,ACORN-E,Affluent,Std
MAC002977,ACORN-E,Affluent,Std
MAC002974,ACORN-E,Affluent,Std
MAC002972,ACORN-E,Affluent,Std
MAC002968,ACORN-E,Affluent,Std
MAC005137,ACORN-E,Affluent,Std
MAC002966,ACORN-E,Affluent,Std
MAC005138,ACORN-E,Affluent,Std
MAC002955,ACORN-E,Affluent,Std
MAC002953,ACORN-E,Affluent,Std
MAC002949,ACORN-E,Affluent,Std
MAC002947,ACORN-E,Affluent,Std
MAC002945,ACORN-E,Affluent,Std
MAC002943,ACORN-E,Affluent,Std
MAC002941,ACORN-E,Affluent,Std
MAC002939,ACORN-E,Affluent,Std
MAC005109,ACORN-E,Affluent,Std
MAC005156,ACORN-E,Affluent,Std
MAC003010,ACORN-E,Affluent,Std
MAC005038,ACORN-E,Affluent,Std
MAC005040,ACORN-E,Affluent,Std
MAC003083,ACORN-E,Affluent,Std
MAC005041,ACORN-E,Affluent,Std
MAC005044,ACORN-E,Affluent,Std
MAC005047,ACORN-E,Affluent,Std
MAC003075,ACORN-E,Affluent,Std
MAC003073,ACORN-E,Affluent,Std
MAC003071,ACORN-E,Affluent,Std
MAC005055,ACORN-E,Affluent,Std
MAC003067,ACORN-E,Affluent,Std
MAC003066,ACORN-E,Affluent,Std
MAC000284,ACORN-E,Affluent,Std
MAC005063,ACORN-E,Affluent,Std
MAC003058,ACORN-E,Affluent,Std
MAC003056,ACORN-E,Affluent,Std
MAC003054,ACORN-E,Affluent,Std
MAC005065,ACORN-E,Affluent,Std
MAC003052,ACORN-E,Affluent,Std
MAC003046,ACORN-E,Affluent,Std
MAC003039,ACORN-E,Affluent,Std
MAC005075,ACORN-E,Affluent,Std
MAC005086,ACORN-E,Affluent,Std
MAC005088,ACORN-E,Affluent,Std
MAC005097,ACORN-E,Affluent,Std
MAC005098,ACORN-E,Affluent,Std
MAC003017,ACORN-E,Affluent,Std
MAC003016,ACORN-E,Affluent,Std
MAC003011,ACORN-E,Affluent,Std
MAC005037,ACORN-E,Affluent,Std
MAC005165,ACORN-E,Affluent,Std
MAC002920,ACORN-E,Affluent,Std
MAC005225,ACORN-E,Affluent,Std
MAC002841,ACORN-E,Affluent,Std
MAC005226,ACORN-E,Affluent,Std
MAC005227,ACORN-E,Affluent,Std
MAC002835,ACORN-E,Affluent,Std
MAC002831,ACORN-E,Affluent,Std
MAC000296,ACORN-E,Affluent,Std
MAC005231,ACORN-E,Affluent,Std
MAC005232,ACORN-E,Affluent,Std
MAC005233,ACORN-E,Affluent,Std
MAC005234,ACORN-E,Affluent,Std
MAC005235,ACORN-E,Affluent,Std
MAC005238,ACORN-E,Affluent,Std
MAC002817,ACORN-E,Affluent,Std
MAC002815,ACORN-E,Affluent,Std
MAC000297,ACORN-E,Affluent,Std
MAC002810,ACORN-E,Affluent,Std
MAC005242,ACORN-E,Affluent,Std
MAC002807,ACORN-E,Affluent,Std
MAC002804,ACORN-E,Affluent,Std
MAC005248,ACORN-E,Affluent,Std
MAC002791,ACORN-E,Affluent,Std
MAC002790,ACORN-E,Affluent,Std
MAC005251,ACORN-E,Affluent,Std
MAC002784,ACORN-E,Affluent,Std
MAC005253,ACORN-E,Affluent,Std
MAC005257,ACORN-E,Affluent,Std
MAC002777,ACORN-E,Affluent,Std
MAC005262,ACORN-E,Affluent,Std
MAC005223,ACORN-E,Affluent,Std
MAC002921,ACORN-E,Affluent,Std
MAC005222,ACORN-E,Affluent,Std
MAC005220,ACORN-E,Affluent,Std
MAC002919,ACORN-E,Affluent,Std
MAC005175,ACORN-E,Affluent,Std
MAC002914,ACORN-E,Affluent,Std
MAC005177,ACORN-E,Affluent,Std
MAC005178,ACORN-E,Affluent,Std
MAC001105,ACORN-E,Affluent,ToU
MAC005183,ACORN-E,Affluent,Std
MAC005185,ACORN-E,Affluent,Std
MAC005187,ACORN-E,Affluent,Std
MAC005192,ACORN-E,Affluent,Std
MAC002896,ACORN-E,Affluent,Std
MAC005196,ACORN-E,Affluent,Std
MAC005198,ACORN-E,Affluent,Std
MAC002888,ACORN-E,Affluent,Std
MAC005199,ACORN-E,Affluent,Std
MAC005202,ACORN-E,Affluent,Std
MAC002880,ACORN-E,Affluent,Std
MAC005203,ACORN-E,Affluent,Std
MAC002876,ACORN-E,Affluent,Std
MAC005209,ACORN-E,Affluent,Std
MAC002865,ACORN-E,Affluent,Std
MAC005214,ACORN-E,Affluent,Std
MAC002860,ACORN-E,Affluent,Std
MAC000295,ACORN-E,Affluent,Std
MAC002858,ACORN-E,Affluent,Std
MAC005215,ACORN-E,Affluent,Std
MAC005217,ACORN-E,Affluent,Std
MAC005218,ACORN-E,Affluent,Std
MAC002853,ACORN-E,Affluent,Std
MAC005221,ACORN-E,Affluent,Std
MAC002772,ACORN-E,Affluent,Std
MAC005033,ACORN-E,Affluent,Std
MAC005030,ACORN-E,Affluent,Std
MAC003290,ACORN-E,Affluent,Std
MAC004864,ACORN-E,Affluent,Std
MAC004869,ACORN-E,Affluent,Std
MAC004871,ACORN-E,Affluent,Std
MAC004876,ACORN-E,Affluent,Std
MAC004877,ACORN-E,Affluent,Std
MAC000263,ACORN-E,Affluent,Std
MAC003273,ACORN-E,Affluent,Std
MAC004879,ACORN-E,Affluent,Std
MAC004881,ACORN-E,Affluent,Std
MAC004884,ACORN-E,Affluent,Std
MAC004885,ACORN-E,Affluent,Std
MAC004886,ACORN-E,Affluent,Std
MAC000264,ACORN-E,Affluent,Std
MAC004891,ACORN-E,Affluent,Std
MAC004895,ACORN-E,Affluent,Std
MAC004899,ACORN-E,Affluent,Std
MAC000126,ACORN-E,Affluent,Std
MAC004904,ACORN-E,Affluent,Std
MAC004906,ACORN-E,Affluent,Std
MAC004907,ACORN-E,Affluent,Std
MAC004908,ACORN-E,Affluent,Std
MAC004909,ACORN-E,Affluent,Std
MAC004913,ACORN-E,Affluent,Std
MAC004914,ACORN-E,Affluent,Std
MAC000270,ACORN-E,Affluent,Std
MAC004918,ACORN-E,Affluent,Std
MAC004919,ACORN-E,Affluent,Std
MAC004923,ACORN-E,Affluent,Std
MAC004863,ACORN-E,Affluent,Std
MAC000273,ACORN-E,Affluent,Std
MAC004858,ACORN-E,Affluent,Std
MAC004856,ACORN-E,Affluent,Std
MAC004758,ACORN-E,Affluent,Std
MAC003378,ACORN-E,Affluent,Std
MAC004759,ACORN-E,Affluent,Std
MAC004769,ACORN-E,Affluent,Std
MAC004774,ACORN-E,Affluent,Std
MAC004775,ACORN-E,Affluent,Std
MAC004778,ACORN-E,Affluent,Std
MAC003362,ACORN-E,Affluent,Std
MAC004779,ACORN-E,Affluent,Std
MAC000242,ACORN-E,Affluent,Std
MAC004784,ACORN-E,Affluent,Std
MAC004797,ACORN-E,Affluent,Std
MAC004798,ACORN-E,Affluent,Std
MAC004803,ACORN-E,Affluent,Std
MAC004806,ACORN-E,Affluent,Std
MAC004813,ACORN-E,Affluent,Std
MAC004815,ACORN-E,Affluent,Std
MAC004819,ACORN-E,Affluent,Std
MAC004826,ACORN-E,Affluent,Std
MAC004833,ACORN-E,Affluent,Std
MAC004836,ACORN-E,Affluent,Std
MAC003312,ACORN-E,Affluent,Std
MAC000253,ACORN-E,Affluent,Std
MAC004849,ACORN-E,Affluent,Std
MAC004852,ACORN-E,Affluent,Std
MAC004857,ACORN-E,Affluent,Std
MAC005032,ACORN-E,Affluent,Std
MAC004930,ACORN-E,Affluent,Std
MAC004936,ACORN-E,Affluent,Std
MAC004995,ACORN-E,Affluent,Std
MAC004996,ACORN-E,Affluent,Std
MAC004998,ACORN-E,Affluent,Std
MAC003141,ACORN-E,Affluent,Std
MAC004999,ACORN-E,Affluent,Std
MAC005001,ACORN-E,Affluent,Std
MAC005005,ACORN-E,Affluent,Std
MAC005007,ACORN-E,Affluent,Std
MAC005008,ACORN-E,Affluent,Std
MAC003130,ACORN-E,Affluent,Std
MAC005009,ACORN-E,Affluent,Std
MAC005014,ACORN-E,Affluent,Std
MAC003122,ACORN-E,Affluent,Std
MAC005018,ACORN-E,Affluent,Std
MAC005020,ACORN-E,Affluent,Std
MAC003115,ACORN-E,Affluent,Std
MAC003114,ACORN-E,Affluent,Std
MAC003113,ACORN-E,Affluent,Std
MAC005021,ACORN-E,Affluent,Std
MAC000282,ACORN-E,Affluent,Std
MAC005025,ACORN-E,Affluent,Std
MAC005026,ACORN-E,Affluent,Std
MAC003106,ACORN-E,Affluent,Std
MAC003105,ACORN-E,Affluent,Std
MAC005027,ACORN-E,Affluent,Std
MAC003103,ACORN-E,Affluent,Std
MAC003098,ACORN-E,Affluent,Std
MAC000120,ACORN-E,Affluent,Std
MAC005029,ACORN-E,Affluent,Std
MAC003147,ACORN-E,Affluent,Std
MAC004933,ACORN-E,Affluent,Std
MAC003148,ACORN-E,Affluent,Std
MAC003150,ACORN-E,Affluent,Std
MAC000274,ACORN-E,Affluent,Std
MAC004938,ACORN-E,Affluent,Std
MAC004940,ACORN-E,Affluent,Std
MAC004942,ACORN-E,Affluent,Std
MAC004950,ACORN-E,Affluent,Std
MAC000275,ACORN-E,Affluent,Std
MAC004954,ACORN-E,Affluent,Std
MAC004958,ACORN-E,Affluent,Std
MAC004961,ACORN-E,Affluent,Std
MAC004963,ACORN-E,Affluent,Std
MAC004964,ACORN-E,Affluent,Std
MAC004966,ACORN-E,Affluent,Std
MAC004971,ACORN-E,Affluent,Std
MAC004972,ACORN-E,Affluent,Std
MAC004973,ACORN-E,Affluent,Std
MAC004974,ACORN-E,Affluent,Std
MAC004981,ACORN-E,Affluent,Std
MAC004982,ACORN-E,Affluent,Std
MAC004984,ACORN-E,Affluent,Std
MAC000280,ACORN-E,Affluent,Std
MAC004986,ACORN-E,Affluent,Std
MAC000122,ACORN-E,Affluent,Std
MAC004991,ACORN-E,Affluent,Std
MAC003160,ACORN-E,Affluent,Std
MAC003159,ACORN-E,Affluent,Std
MAC003158,ACORN-E,Affluent,Std
MAC004992,ACORN-E,Affluent,Std
MAC003153,ACORN-E,Affluent,Std
MAC004993,ACORN-E,Affluent,Std
MAC001943,ACORN-E,Affluent,Std
MAC004068,ACORN-E,Affluent,Std
MAC004880,ACORN-E,Affluent,ToU
MAC002534,ACORN-E,Affluent,ToU
MAC001387,ACORN-E,Affluent,Std
MAC002536,ACORN-E,Affluent,ToU
MAC001384,ACORN-E,Affluent,Std
MAC000729,ACORN-E,Affluent,Std
MAC000072,ACORN-E,Affluent,Std
MAC000730,ACORN-E,Affluent,Std
MAC004731,ACORN-E,Affluent,ToU
MAC002560,ACORN-E,Affluent,ToU
MAC002568,ACORN-E,Affluent,ToU
MAC000732,ACORN-E,Affluent,Std
MAC001378,ACORN-E,Affluent,Std
MAC000733,ACORN-E,Affluent,Std
MAC001376,ACORN-E,Affluent,Std
MAC004728,ACORN-E,Affluent,ToU
MAC001374,ACORN-E,Affluent,Std
MAC002578,ACORN-E,Affluent,ToU
MAC000361,ACORN-E,Affluent,Std
MAC004720,ACORN-E,Affluent,ToU
MAC002533,ACORN-E,Affluent,ToU
MAC004733,ACORN-E,Affluent,ToU
MAC004746,ACORN-E,Affluent,ToU
MAC002508,ACORN-E,Affluent,ToU
MAC001430,ACORN-E,Affluent,Std
MAC002432,ACORN-E,Affluent,ToU
MAC000700,ACORN-E,Affluent,Std
MAC000701,ACORN-E,Affluent,Std
MAC001424,ACORN-E,Affluent,Std
MAC002444,ACORN-E,Affluent,ToU
MAC000018,ACORN-E,Affluent,Std
MAC000706,ACORN-E,Affluent,Std
MAC004770,ACORN-E,Affluent,ToU
MAC001367,ACORN-E,Affluent,Std
MAC002446,ACORN-E,Affluent,ToU
MAC001412,ACORN-E,Affluent,Std
MAC001411,ACORN-E,Affluent,Std
MAC002470,ACORN-E,Affluent,ToU
MAC004767,ACORN-E,Affluent,ToU
MAC000359,ACORN-E,Affluent,Std
MAC004765,ACORN-E,Affluent,ToU
MAC004757,ACORN-E,Affluent,ToU
MAC004755,ACORN-E,Affluent,ToU
MAC001416,ACORN-E,Affluent,Std
MAC004716,ACORN-E,Affluent,ToU
MAC000742,ACORN-E,Affluent,Std
MAC001363,ACORN-E,Affluent,Std
MAC002677,ACORN-E,Affluent,ToU
MAC002679,ACORN-E,Affluent,ToU
MAC001329,ACORN-E,Affluent,Std
MAC001328,ACORN-E,Affluent,Std
MAC004668,ACORN-E,Affluent,ToU
MAC001325,ACORN-E,Affluent,Std
MAC002686,ACORN-E,Affluent,ToU
MAC002690,ACORN-E,Affluent,ToU
MAC001321,ACORN-E,Affluent,Std
MAC004670,ACORN-E,Affluent,ToU
MAC004661,ACORN-E,Affluent,ToU
MAC000762,ACORN-E,Affluent,Std
MAC001315,ACORN-E,Affluent,Std
MAC002695,ACORN-E,Affluent,ToU
MAC002712,ACORN-E,Affluent,ToU
MAC000764,ACORN-E,Affluent,Std
MAC002713,ACORN-E,Affluent,ToU
MAC000765,ACORN-E,Affluent,Std
MAC000767,ACORN-E,Affluent,Std
MAC001320,ACORN-E,Affluent,Std
MAC001433,ACORN-E,Affluent,Std
MAC000756,ACORN-E,Affluent,Std
MAC001361,ACORN-E,Affluent,Std
MAC001358,ACORN-E,Affluent,Std
MAC000745,ACORN-E,Affluent,Std
MAC002593,ACORN-E,Affluent,ToU
MAC004697,ACORN-E,Affluent,ToU
MAC002596,ACORN-E,Affluent,ToU
MAC000747,ACORN-E,Affluent,Std
MAC001353,ACORN-E,Affluent,Std
MAC001350,ACORN-E,Affluent,Std
MAC001332,ACORN-E,Affluent,Std
MAC000749,ACORN-E,Affluent,Std
MAC002609,ACORN-E,Affluent,ToU
MAC002614,ACORN-E,Affluent,ToU
MAC004687,ACORN-E,Affluent,ToU
MAC001344,ACORN-E,Affluent,Std
MAC002625,ACORN-E,Affluent,ToU
MAC002633,ACORN-E,Affluent,ToU
MAC001337,ACORN-E,Affluent,Std
MAC002675,ACORN-E,Affluent,ToU
MAC000753,ACORN-E,Affluent,Std
MAC001347,ACORN-E,Affluent,Std
MAC001434,ACORN-E,Affluent,Std
MAC001436,ACORN-E,Affluent,Std
MAC002421,ACORN-E,Affluent,ToU
MAC001537,ACORN-E,Affluent,Std
MAC004937,ACORN-E,Affluent,ToU
MAC001534,ACORN-E,Affluent,Std
MAC000663,ACORN-E,Affluent,Std
MAC000351,ACORN-E,Affluent,Std
MAC001532,ACORN-E,Affluent,Std
MAC004932,ACORN-E,Affluent,ToU
MAC000353,ACORN-E,Affluent,Std
MAC004926,ACORN-E,Affluent,ToU
MAC002164,ACORN-E,Affluent,ToU
MAC001526,ACORN-E,Affluent,Std
MAC000669,ACORN-E,Affluent,Std
MAC001522,ACORN-E,Affluent,Std
MAC001521,ACORN-E,Affluent,Std
MAC001519,ACORN-E,Affluent,Std
MAC001517,ACORN-E,Affluent,Std
MAC001516,ACORN-E,Affluent,Std
MAC000012,ACORN-E,Affluent,Std
MAC001514,ACORN-E,Affluent,Std
MAC001513,ACORN-E,Affluent,Std
MAC004921,ACORN-E,Affluent,ToU
MAC000078,ACORN-E,Affluent,Std
MAC001541,ACORN-E,Affluent,Std
MAC002154,ACORN-E,Affluent,ToU
MAC002098,ACORN-E,Affluent,ToU
MAC000637,ACORN-E,Affluent,Std
MAC001572,ACORN-E,Affluent,Std
MAC001571,ACORN-E,Affluent,Std
MAC000639,ACORN-E,Affluent,Std
MAC002099,ACORN-E,Affluent,ToU
MAC002102,ACORN-E,Affluent,ToU
MAC004977,ACORN-E,Affluent,ToU
MAC002106,ACORN-E,Affluent,ToU
MAC002156,ACORN-E,Affluent,ToU
MAC000646,ACORN-E,Affluent,Std
MAC000651,ACORN-E,Affluent,Std
MAC000080,ACORN-E,Affluent,Std
MAC002131,ACORN-E,Affluent,ToU
MAC000349,ACORN-E,Affluent,Std
MAC000652,ACORN-E,Affluent,Std
MAC000654,ACORN-E,Affluent,Std
MAC004965,ACORN-E,Affluent,ToU
MAC002132,ACORN-E,Affluent,ToU
MAC001562,ACORN-E,Affluent,Std
MAC002726,ACORN-E,Affluent,ToU
MAC000355,ACORN-E,Affluent,Std
MAC001506,ACORN-E,Affluent,Std
MAC002280,ACORN-E,Affluent,ToU
MAC004827,ACORN-E,Affluent,ToU
MAC002281,ACORN-E,Affluent,ToU
MAC001461,ACORN-E,Affluent,Std
MAC002290,ACORN-E,Affluent,ToU
MAC001457,ACORN-E,Affluent,Std
MAC002324,ACORN-E,Affluent,ToU
MAC002334,ACORN-E,Affluent,ToU
MAC001454,ACORN-E,Affluent,Std
MAC000357,ACORN-E,Affluent,Std
MAC002336,ACORN-E,Affluent,ToU
MAC001451,ACORN-E,Affluent,Std
MAC004822,ACORN-E,Affluent,ToU
MAC000358,ACORN-E,Affluent,Std
MAC000697,ACORN-E,Affluent,Std
MAC001445,ACORN-E,Affluent,Std
MAC002404,ACORN-E,Affluent,ToU
MAC001443,ACORN-E,Affluent,Std
MAC001442,ACORN-E,Affluent,Std
MAC002413,ACORN-E,Affluent,ToU
MAC001452,ACORN-E,Affluent,Std
MAC002215,ACORN-E,Affluent,ToU
MAC002268,ACORN-E,Affluent,ToU
MAC002265,ACORN-E,Affluent,ToU
MAC001504,ACORN-E,Affluent,Std
MAC000677,ACORN-E,Affluent,Std
MAC001501,ACORN-E,Affluent,Std
MAC001500,ACORN-E,Affluent,Std
MAC001499,ACORN-E,Affluent,Std
MAC001498,ACORN-E,Affluent,Std
MAC002225,ACORN-E,Affluent,ToU
MAC000679,ACORN-E,Affluent,Std
MAC001469,ACORN-E,Affluent,Std
MAC002226,ACORN-E,Affluent,ToU
MAC004855,ACORN-E,Affluent,ToU
MAC000686,ACORN-E,Affluent,Std
MAC004851,ACORN-E,Affluent,ToU
MAC002240,ACORN-E,Affluent,ToU
MAC001479,ACORN-E,Affluent,Std
MAC002264,ACORN-E,Affluent,ToU
MAC000693,ACORN-E,Affluent,Std
MAC001029,ACORN-E,Affluent,Std
MAC001575,ACORN-E,Affluent,Std
MAC000380,ACORN-E,Affluent,Std
MAC000058,ACORN-E,Affluent,Std
MAC001130,ACORN-E,Affluent,Std
MAC004184,ACORN-E,Affluent,ToU
MAC004159,ACORN-E,Affluent,ToU
MAC001123,ACORN-E,Affluent,Std
MAC004152,ACORN-E,Affluent,ToU
MAC004144,ACORN-E,Affluent,ToU
MAC000916,ACORN-E,Affluent,Std
MAC000057,ACORN-E,Affluent,Std
MAC001117,ACORN-E,Affluent,Std
MAC000918,ACORN-E,Affluent,Std
MAC001111,ACORN-E,Affluent,Std
MAC001109,ACORN-E,Affluent,Std
MAC004118,ACORN-E,Affluent,ToU
MAC004106,ACORN-E,Affluent,ToU
MAC004062,ACORN-E,Affluent,ToU
MAC001099,ACORN-E,Affluent,Std
MAC000028,ACORN-E,Affluent,Std
MAC000905,ACORN-E,Affluent,Std
MAC000903,ACORN-E,Affluent,Std
MAC000372,ACORN-E,Affluent,Std
MAC001163,ACORN-E,Affluent,Std
MAC001161,ACORN-E,Affluent,Std
MAC001160,ACORN-E,Affluent,Std
MAC000875,ACORN-E,Affluent,Std
MAC001158,ACORN-E,Affluent,Std
MAC004303,ACORN-E,Affluent,ToU
MAC001154,ACORN-E,Affluent,Std
MAC000374,ACORN-E,Affluent,Std
MAC004260,ACORN-E,Affluent,ToU
MAC000936,ACORN-E,Affluent,Std
MAC001152,ACORN-E,Affluent,Std
MAC001149,ACORN-E,Affluent,Std
MAC001148,ACORN-E,Affluent,Std
MAC004239,ACORN-E,Affluent,ToU
MAC000367,ACORN-E,Affluent,Std
MAC000892,ACORN-E,Affluent,Std
MAC001144,ACORN-E,Affluent,Std
MAC000368,ACORN-E,Affluent,Std
MAC001138,ACORN-E,Affluent,Std
MAC000896,ACORN-E,Affluent,Std
MAC004245,ACORN-E,Affluent,ToU
MAC000940,ACORN-E,Affluent,Std
MAC000941,ACORN-E,Affluent,Std
MAC000049,ACORN-E,Affluent,Std
MAC001060,ACORN-E,Affluent,Std
MAC003648,ACORN-E,Affluent,ToU
MAC001056,ACORN-E,Affluent,Std
MAC003954,ACORN-E,Affluent,ToU
MAC003665,ACORN-E,Affluent,ToU
MAC001053,ACORN-E,Affluent,Std
MAC001052,ACORN-E,Affluent,Std
MAC000990,ACORN-E,Affluent,Std
MAC001001,ACORN-E,Affluent,Std
MAC003960,ACORN-E,Affluent,ToU
MAC000033,ACORN-E,Affluent,Std
MAC001042,ACORN-E,Affluent,Std
MAC001011,ACORN-E,Affluent,Std
MAC000034,ACORN-E,Affluent,Std
MAC000035,ACORN-E,Affluent,Std
MAC001039,ACORN-E,Affluent,Std
MAC001022,ACORN-E,Affluent,Std
MAC000036,ACORN-E,Affluent,Std
MAC001027,ACORN-E,Affluent,Std
MAC001032,ACORN-E,Affluent,Std
MAC001043,ACORN-E,Affluent,Std
MAC001164,ACORN-E,Affluent,Std
MAC001066,ACORN-E,Affluent,Std
MAC000977,ACORN-E,Affluent,Std
MAC000950,ACORN-E,Affluent,Std
MAC004035,ACORN-E,Affluent,ToU
MAC004025,ACORN-E,Affluent,ToU
MAC000956,ACORN-E,Affluent,Std
MAC000958,ACORN-E,Affluent,Std
MAC000960,ACORN-E,Affluent,Std
MAC004000,ACORN-E,Affluent,ToU
MAC000964,ACORN-E,Affluent,Std
MAC003975,ACORN-E,Affluent,ToU
MAC000968,ACORN-E,Affluent,Std
MAC003984,ACORN-E,Affluent,ToU
MAC001077,ACORN-E,Affluent,Std
MAC000972,ACORN-E,Affluent,Std
MAC000973,ACORN-E,Affluent,Std
MAC001073,ACORN-E,Affluent,Std
MAC000370,ACORN-E,Affluent,Std
MAC000045,ACORN-E,Affluent,Std
MAC000975,ACORN-E,Affluent,Std
MAC001081,ACORN-E,Affluent,Std
MAC004320,ACORN-E,Affluent,ToU
MAC001173,ACORN-E,Affluent,Std
MAC000066,ACORN-E,Affluent,Std
MAC002864,ACORN-E,Affluent,ToU
MAC002869,ACORN-E,Affluent,ToU
MAC004610,ACORN-E,Affluent,ToU
MAC004606,ACORN-E,Affluent,ToU
MAC004605,ACORN-E,Affluent,ToU
MAC001260,ACORN-E,Affluent,Std
MAC002879,ACORN-E,Affluent,ToU
MAC002881,ACORN-E,Affluent,ToU
MAC001252,ACORN-E,Affluent,Std
MAC004621,ACORN-E,Affluent,ToU
MAC004604,ACORN-E,Affluent,ToU
MAC000021,ACORN-E,Affluent,Std
MAC000804,ACORN-E,Affluent,Std
MAC004592,ACORN-E,Affluent,ToU
MAC004561,ACORN-E,Affluent,ToU
MAC002897,ACORN-E,Affluent,ToU
MAC002901,ACORN-E,Affluent,ToU
MAC001241,ACORN-E,Affluent,Std
MAC000812,ACORN-E,Affluent,Std
MAC000376,ACORN-E,Affluent,Std
MAC002895,ACORN-E,Affluent,ToU
MAC004525,ACORN-E,Affluent,ToU
MAC002839,ACORN-E,Affluent,ToU
MAC004622,ACORN-E,Affluent,ToU
MAC004655,ACORN-E,Affluent,ToU
MAC000774,ACORN-E,Affluent,Std
MAC000777,ACORN-E,Affluent,Std
MAC001294,ACORN-E,Affluent,Std
MAC002792,ACORN-E,Affluent,ToU
MAC000378,ACORN-E,Affluent,Std
MAC002798,ACORN-E,Affluent,ToU
MAC002800,ACORN-E,Affluent,ToU
MAC000782,ACORN-E,Affluent,Std
MAC001283,ACORN-E,Affluent,Std
MAC002809,ACORN-E,Affluent,ToU
MAC002811,ACORN-E,Affluent,ToU
MAC001277,ACORN-E,Affluent,Std
MAC000780,ACORN-E,Affluent,Std
MAC001276,ACORN-E,Affluent,Std
MAC002814,ACORN-E,Affluent,ToU
MAC002826,ACORN-E,Affluent,ToU
MAC002827,ACORN-E,Affluent,ToU
MAC004623,ACORN-E,Affluent,ToU
MAC001304,ACORN-E,Affluent,Std
MAC000823,ACORN-E,Affluent,Std
MAC001236,ACORN-E,Affluent,Std
MAC001194,ACORN-E,Affluent,Std
MAC004363,ACORN-E,Affluent,ToU
MAC003082,ACORN-E,Affluent,ToU
MAC003094,ACORN-E,Affluent,ToU
MAC001191,ACORN-E,Affluent,Std
MAC003111,ACORN-E,Affluent,ToU
MAC000855,ACORN-E,Affluent,Std
MAC001189,ACORN-E,Affluent,Std
MAC000861,ACORN-E,Affluent,Std
MAC004392,ACORN-E,Affluent,ToU
MAC004347,ACORN-E,Affluent,ToU
MAC001184,ACORN-E,Affluent,Std
MAC003135,ACORN-E,Affluent,ToU
MAC001181,ACORN-E,Affluent,Std
MAC000864,ACORN-E,Affluent,Std
MAC001180,ACORN-E,Affluent,Std
MAC004346,ACORN-E,Affluent,ToU
MAC004334,ACORN-E,Affluent,ToU
MAC003124,ACORN-E,Affluent,ToU
MAC000825,ACORN-E,Affluent,Std
MAC001198,ACORN-E,Affluent,Std
MAC002930,ACORN-E,Affluent,ToU
MAC002935,ACORN-E,Affluent,ToU
MAC002971,ACORN-E,Affluent,ToU
MAC002982,ACORN-E,Affluent,ToU
MAC001223,ACORN-E,Affluent,Std
MAC000831,ACORN-E,Affluent,Std
MAC004449,ACORN-E,Affluent,ToU
MAC001215,ACORN-E,Affluent,Std
MAC000849,ACORN-E,Affluent,Std
MAC003035,ACORN-E,Affluent,ToU
MAC000837,ACORN-E,Affluent,Std
MAC000024,ACORN-E,Affluent,Std
MAC000840,ACORN-E,Affluent,Std
MAC004424,ACORN-E,Affluent,ToU
MAC003055,ACORN-E,Affluent,ToU
MAC003068,ACORN-E,Affluent,ToU
MAC001203,ACORN-E,Affluent,Std
MAC001199,ACORN-E,Affluent,Std
MAC000848,ACORN-E,Affluent,Std
MAC003043,ACORN-E,Affluent,ToU
MAC000636,ACORN-E,Affluent,Std
MAC000037,ACORN-E,Affluent,Std
MAC001705,ACORN-E,Affluent,Std
MAC005278,ACORN-E,Affluent,ToU
MAC001730,ACORN-E,Affluent,Std
MAC001884,ACORN-E,Affluent,Std
MAC001693,ACORN-E,Affluent,ToU
MAC000441,ACORN-E,Affluent,Std
MAC005271,ACORN-E,Affluent,ToU
MAC001731,ACORN-E,Affluent,Std
MAC001726,ACORN-E,Affluent,Std
MAC005266,ACORN-E,Affluent,ToU
MAC001886,ACORN-E,Affluent,Std
MAC001723,ACORN-E,Affluent,Std
MAC001722,ACORN-E,Affluent,Std
MAC000538,ACORN-E,Affluent,Std
MAC001720,ACORN-E,Affluent,Std
MAC001725,ACORN-E,Affluent,Std
MAC000443,ACORN-E,Affluent,Std
MAC005279,ACORN-E,Affluent,ToU
MAC000444,ACORN-E,Affluent,Std
MAC005292,ACORN-E,Affluent,ToU
MAC000448,ACORN-E,Affluent,Std
MAC001754,ACORN-E,Affluent,Std
MAC005291,ACORN-E,Affluent,ToU
MAC005290,ACORN-E,Affluent,ToU
MAC001753,ACORN-E,Affluent,Std
MAC000516,ACORN-E,Affluent,Std
MAC001299,ACORN-E,Affluent,ToU
MAC001651,ACORN-E,Affluent,ToU
MAC001745,ACORN-E,Affluent,Std
MAC001655,ACORN-E,Affluent,ToU
MAC005284,ACORN-E,Affluent,ToU
MAC000518,ACORN-E,Affluent,Std
MAC000526,ACORN-E,Affluent,Std
MAC001737,ACORN-E,Affluent,Std
MAC001279,ACORN-E,Affluent,ToU
MAC001274,ACORN-E,Affluent,ToU
MAC001889,ACORN-E,Affluent,Std
MAC001701,ACORN-E,Affluent,Std
MAC001699,ACORN-E,Affluent,Std
MAC005190,ACORN-E,Affluent,ToU
MAC005189,ACORN-E,Affluent,ToU
MAC001895,ACORN-E,Affluent,Std
MAC001896,ACORN-E,Affluent,Std
MAC005180,ACORN-E,Affluent,ToU
MAC000004,ACORN-E,Affluent,Std
MAC005507,ACORN-E,Affluent,ToU
MAC001902,ACORN-E,Affluent,Std
MAC000562,ACORN-E,Affluent,Std
MAC001741,ACORN-E,Affluent,ToU
MAC001687,ACORN-E,Affluent,Std
MAC001905,ACORN-E,Affluent,Std
MAC005197,ACORN-E,Affluent,ToU
MAC005306,ACORN-E,Affluent,ToU
MAC001702,ACORN-E,Affluent,Std
MAC001707,ACORN-E,Affluent,ToU
MAC005250,ACORN-E,Affluent,ToU
MAC005212,ACORN-E,Affluent,ToU
MAC001716,ACORN-E,Affluent,Std
MAC005204,ACORN-E,Affluent,ToU
MAC000438,ACORN-E,Affluent,Std
MAC000437,ACORN-E,Affluent,Std
MAC005200,ACORN-E,Affluent,ToU
MAC001713,ACORN-E,Affluent,Std
MAC005488,ACORN-E,Affluent,ToU
MAC001711,ACORN-E,Affluent,Std
MAC000338,ACORN-E,Affluent,Std
MAC001709,ACORN-E,Affluent,Std
MAC001708,ACORN-E,Affluent,Std
MAC000331,ACORN-E,Affluent,Std
MAC005308,ACORN-E,Affluent,ToU
MAC000509,ACORN-E,Affluent,Std
MAC001303,ACORN-E,Affluent,ToU
MAC005445,ACORN-E,Affluent,ToU
MAC001482,ACORN-E,Affluent,ToU
MAC001487,ACORN-E,Affluent,ToU
MAC000454,ACORN-E,Affluent,Std
MAC001815,ACORN-E,Affluent,Std
MAC005384,ACORN-E,Affluent,ToU
MAC001852,ACORN-E,Affluent,Std
MAC001854,ACORN-E,Affluent,Std
MAC001812,ACORN-E,Affluent,Std
MAC001810,ACORN-E,Affluent,Std
MAC001386,ACORN-E,Affluent,ToU
MAC000480,ACORN-E,Affluent,Std
MAC001808,ACORN-E,Affluent,Std
MAC005359,ACORN-E,Affluent,ToU
MAC000482,ACORN-E,Affluent,Std
MAC001405,ACORN-E,Affluent,ToU
MAC005352,ACORN-E,Affluent,ToU
MAC000458,ACORN-E,Affluent,Std
MAC000463,ACORN-E,Affluent,Std
MAC001429,ACORN-E,Affluent,ToU
MAC005427,ACORN-E,Affluent,ToU
MAC001832,ACORN-E,Affluent,Std
MAC001831,ACORN-E,Affluent,Std
MAC000469,ACORN-E,Affluent,Std
MAC005413,ACORN-E,Affluent,ToU
MAC001470,ACORN-E,Affluent,ToU
MAC000473,ACORN-E,Affluent,Std
MAC000459,ACORN-E,Affluent,Std
MAC000332,ACORN-E,Affluent,Std
MAC000086,ACORN-E,Affluent,Std
MAC005395,ACORN-E,Affluent,ToU
MAC001475,ACORN-E,Affluent,ToU
MAC000087,ACORN-E,Affluent,Std
MAC000429,ACORN-E,Affluent,Std
MAC000485,ACORN-E,Affluent,Std
MAC000488,ACORN-E,Affluent,Std
MAC000499,ACORN-E,Affluent,Std
MAC001781,ACORN-E,Affluent,Std
MAC001780,ACORN-E,Affluent,Std
MAC001596,ACORN-E,Affluent,ToU
MAC000335,ACORN-E,Affluent,Std
MAC001610,ACORN-E,Affluent,ToU
MAC000504,ACORN-E,Affluent,Std
MAC000505,ACORN-E,Affluent,Std
MAC001763,ACORN-E,Affluent,Std
MAC001319,ACORN-E,Affluent,ToU
MAC000506,ACORN-E,Affluent,Std
MAC005310,ACORN-E,Affluent,ToU
MAC000508,ACORN-E,Affluent,Std
MAC001305,ACORN-E,Affluent,ToU
MAC001590,ACORN-E,Affluent,ToU
MAC001801,ACORN-E,Affluent,Std
MAC005470,ACORN-E,Affluent,ToU
MAC005321,ACORN-E,Affluent,ToU
MAC001529,ACORN-E,Affluent,ToU
MAC001862,ACORN-E,Affluent,Std
MAC000489,ACORN-E,Affluent,Std
MAC001547,ACORN-E,Affluent,ToU
MAC001556,ACORN-E,Affluent,ToU
MAC001564,ACORN-E,Affluent,ToU
MAC001794,ACORN-E,Affluent,Std
MAC005347,ACORN-E,Affluent,ToU
MAC005342,ACORN-E,Affluent,ToU
MAC001366,ACORN-E,Affluent,ToU
MAC001360,ACORN-E,Affluent,ToU
MAC001788,ACORN-E,Affluent,Std
MAC000496,ACORN-E,Affluent,Std
MAC000396,ACORN-E,Affluent,Std
MAC001576,ACORN-E,Affluent,ToU
MAC001209,ACORN-E,Affluent,ToU
MAC001414,ACORN-E,Affluent,ToU
MAC001912,ACORN-E,Affluent,ToU
MAC001632,ACORN-E,Affluent,Std
MAC001142,ACORN-E,Affluent,ToU
MAC005039,ACORN-E,Affluent,ToU
MAC005111,ACORN-E,Affluent,ToU
MAC005122,ACORN-E,Affluent,ToU
MAC001143,ACORN-E,Affluent,ToU
MAC000419,ACORN-E,Affluent,Std
MAC000618,ACORN-E,Affluent,Std
MAC001920,ACORN-E,Affluent,Std
MAC001919,ACORN-E,Affluent,Std
MAC001933,ACORN-E,Affluent,Std
MAC001641,ACORN-E,Affluent,Std
MAC005149,ACORN-E,Affluent,ToU
MAC001644,ACORN-E,Affluent,Std
MAC000577,ACORN-E,Affluent,Std
MAC001918,ACORN-E,Affluent,Std
MAC000413,ACORN-E,Affluent,Std
MAC000420,ACORN-E,Affluent,Std
MAC005034,ACORN-E,Affluent,ToU
MAC001856,ACORN-E,Affluent,ToU
MAC000409,ACORN-E,Affluent,Std
MAC005031,ACORN-E,Affluent,ToU
MAC002073,ACORN-E,Affluent,ToU
MAC001589,ACORN-E,Affluent,Std
MAC002060,ACORN-E,Affluent,ToU
MAC001595,ACORN-E,Affluent,Std
MAC002052,ACORN-E,Affluent,ToU
MAC005541,ACORN-E,Affluent,ToU
MAC002006,ACORN-E,Affluent,ToU
MAC000414,ACORN-E,Affluent,Std
MAC000415,ACORN-E,Affluent,Std
MAC002017,ACORN-E,Affluent,ToU
MAC001606,ACORN-E,Affluent,Std
MAC000610,ACORN-E,Affluent,Std
MAC000388,ACORN-E,Affluent,Std
MAC005083,ACORN-E,Affluent,ToU
MAC000612,ACORN-E,Affluent,Std
MAC001998,ACORN-E,Affluent,ToU
MAC002029,ACORN-E,Affluent,ToU
MAC000603,ACORN-E,Affluent,Std
MAC000346,ACORN-E,Affluent,Std
MAC001617,ACORN-E,Affluent,Std
MAC001976,ACORN-E,Affluent,ToU
MAC001623,ACORN-E,Affluent,Std
MAC005068,ACORN-E,Affluent,ToU
MAC001624,ACORN-E,Affluent,Std
MAC005091,ACORN-E,Affluent,ToU
MAC002046,ACORN-E,Affluent,ToU
MAC000600,ACORN-E,Affluent,Std
MAC001110,ACORN-E,Affluent,ToU
MAC001743,ACORN-E,Affluent,ToU
MAC005093,ACORN-E,Affluent,ToU
MAC000596,ACORN-E,Affluent,Std
MAC001984,ACORN-E,Affluent,ToU
MAC001654,ACORN-E,Affluent,Std
MAC001647,ACORN-E,Affluent,Std
MAC001609,ACORN-E,Affluent,Std
MAC005013,ACORN-E,Affluent,ToU
MAC001107,ACORN-E,Affluent,ToU
MAC001206,ACORN-E,Affluent,ToU
MAC001756,ACORN-E,Affluent,ToU
MAC001833,ACORN-E,Affluent,ToU
MAC001669,ACORN-E,Affluent,Std
MAC001772,ACORN-E,Affluent,ToU
MAC001670,ACORN-E,Affluent,Std
MAC005011,ACORN-E,Affluent,ToU
MAC005171,ACORN-E,Affluent,ToU
MAC001678,ACORN-E,Affluent,Std
MAC005006,ACORN-E,Affluent,ToU
MAC000404,ACORN-E,Affluent,Std
MAC001202,ACORN-E,Affluent,ToU
MAC005515,ACORN-E,Affluent,ToU
MAC000389,ACORN-E,Affluent,Std
MAC001674,ACORN-E,Affluent,Std
MAC001676,ACORN-E,Affluent,Std
MAC000403,ACORN-E,Affluent,Std
MAC001665,ACORN-E,Affluent,Std
MAC000625,ACORN-E,Affluent,Std
MAC000400,ACORN-E,Affluent,Std
MAC000387,ACORN-E,Affluent,Std
MAC000564,ACORN-E,Affluent,Std
MAC005017,ACORN-E,Affluent,ToU
MAC001855,ACORN-E,Affluent,ToU
MAC001750,ACORN-E,Affluent,ToU
MAC001916,ACORN-E,Affluent,Std
MAC000624,ACORN-E,Affluent,Std
MAC000422,ACORN-E,Affluent,Std
MAC005152,ACORN-E,Affluent,ToU
MAC001936,ACORN-E,Affluent,Std
MAC000424,ACORN-E,Affluent,Std
MAC000345,ACORN-E,Affluent,Std
MAC001806,ACORN-E,Affluent,ToU
MAC001108,ACORN-E,Affluent,ToU
MAC001938,ACORN-E,Affluent,Std
MAC001849,ACORN-E,Affluent,ToU
MAC001662,ACORN-E,Affluent,Std
MAC001853,ACORN-E,Affluent,ToU
MAC001914,ACORN-E,Affluent,Std
MAC001182,ACORN-E,Affluent,ToU
MAC000631,ACORN-E,Affluent,Std
MAC002093,ACORN-E,Affluent,ToU
MAC003957,ACORN-F,Comfortable,Std
MAC004059,ACORN-F,Comfortable,Std
MAC001028,ACORN-F,Comfortable,Std
MAC004777,ACORN-F,Comfortable,Std
MAC004812,ACORN-F,Comfortable,Std
MAC005002,ACORN-F,Comfortable,Std
MAC000279,ACORN-F,Comfortable,Std
MAC000856,ACORN-F,Comfortable,Std
MAC005538,ACORN-F,Comfortable,ToU
MAC004133,ACORN-F,Comfortable,Std
MAC000248,ACORN-F,Comfortable,Std
MAC000407,ACORN-F,Comfortable,Std
MAC004805,ACORN-F,Comfortable,Std
MAC004781,ACORN-F,Comfortable,Std
MAC003963,ACORN-F,Comfortable,Std
MAC004786,ACORN-F,Comfortable,Std
MAC003152,ACORN-F,Comfortable,Std
MAC004135,ACORN-F,Comfortable,Std
MAC004790,ACORN-F,Comfortable,Std
MAC004794,ACORN-F,Comfortable,Std
MAC005551,ACORN-F,Comfortable,ToU
MAC000244,ACORN-F,Comfortable,Std
MAC003947,ACORN-F,Comfortable,ToU
MAC000411,ACORN-F,Comfortable,Std
MAC001019,ACORN-F,Comfortable,Std
MAC004985,ACORN-F,Comfortable,Std
MAC003965,ACORN-F,Comfortable,Std
MAC003951,ACORN-F,Comfortable,ToU
MAC004315,ACORN-F,Comfortable,ToU
MAC000243,ACORN-F,Comfortable,Std
MAC004800,ACORN-F,Comfortable,Std
MAC000992,ACORN-F,Comfortable,Std
MAC004307,ACORN-F,Comfortable,ToU
MAC003971,ACORN-F,Comfortable,Std
MAC000874,ACORN-F,Comfortable,Std
MAC000996,ACORN-F,Comfortable,Std
MAC001021,ACORN-F,Comfortable,Std
MAC004050,ACORN-F,Comfortable,ToU
MAC003979,ACORN-F,Comfortable,Std
MAC004023,ACORN-F,Comfortable,Std
MAC000125,ACORN-F,Comfortable,Std
MAC004882,ACORN-F,Comfortable,Std
MAC000962,ACORN-F,Comfortable,Std
MAC005482,ACORN-F,Comfortable,ToU
MAC005535,ACORN-F,Comfortable,ToU
MAC003998,ACORN-F,Comfortable,ToU
MAC000262,ACORN-F,Comfortable,Std
MAC004157,ACORN-F,Comfortable,ToU
MAC004030,ACORN-F,Comfortable,Std
MAC004170,ACORN-F,Comfortable,ToU
MAC003999,ACORN-F,Comfortable,Std
MAC004868,ACORN-F,Comfortable,Std
MAC004867,ACORN-F,Comfortable,Std
MAC000969,ACORN-F,Comfortable,Std
MAC000917,ACORN-F,Comfortable,Std
MAC003997,ACORN-F,Comfortable,Std
MAC004024,ACORN-F,Comfortable,ToU
MAC004126,ACORN-F,Comfortable,ToU
MAC004912,ACORN-F,Comfortable,Std
MAC000397,ACORN-F,Comfortable,Std
MAC000371,ACORN-F,Comfortable,Std
MAC000934,ACORN-F,Comfortable,Std
MAC000933,ACORN-F,Comfortable,Std
MAC004053,ACORN-F,Comfortable,ToU
MAC004009,ACORN-F,Comfortable,Std
MAC004037,ACORN-F,Comfortable,ToU
MAC004890,ACORN-F,Comfortable,Std
MAC000922,ACORN-F,Comfortable,Std
MAC004122,ACORN-F,Comfortable,ToU
MAC000920,ACORN-F,Comfortable,Std
MAC000271,ACORN-F,Comfortable,Std
MAC000426,ACORN-F,Comfortable,Std
MAC005429,ACORN-F,Comfortable,ToU
MAC004189,ACORN-F,Comfortable,ToU
MAC003989,ACORN-F,Comfortable,ToU
MAC000904,ACORN-F,Comfortable,Std
MAC000276,ACORN-F,Comfortable,Std
MAC003983,ACORN-F,Comfortable,Std
MAC005537,ACORN-F,Comfortable,ToU
MAC000277,ACORN-F,Comfortable,Std
MAC000252,ACORN-F,Comfortable,Std
MAC004840,ACORN-F,Comfortable,Std
MAC004090,ACORN-F,Comfortable,Std
MAC003981,ACORN-F,Comfortable,Std
MAC004834,ACORN-F,Comfortable,Std
MAC004127,ACORN-F,Comfortable,Std
MAC004824,ACORN-F,Comfortable,Std
MAC004975,ACORN-F,Comfortable,Std
MAC004270,ACORN-F,Comfortable,ToU
MAC004817,ACORN-F,Comfortable,Std
MAC000986,ACORN-F,Comfortable,Std
MAC004844,ACORN-F,Comfortable,Std
MAC000984,ACORN-F,Comfortable,Std
MAC005536,ACORN-F,Comfortable,ToU
MAC004862,ACORN-F,Comfortable,Std
MAC004859,ACORN-F,Comfortable,Std
MAC000160,ACORN-F,Comfortable,Std
MAC004093,ACORN-F,Comfortable,Std
MAC000445,ACORN-F,Comfortable,Std
MAC004117,ACORN-F,Comfortable,Std
MAC004039,ACORN-F,Comfortable,Std
MAC000880,ACORN-F,Comfortable,Std
MAC004223,ACORN-F,Comfortable,ToU
MAC004121,ACORN-F,Comfortable,Std
MAC005477,ACORN-F,Comfortable,ToU
MAC004229,ACORN-F,Comfortable,ToU
MAC003967,ACORN-F,Comfortable,ToU
MAC004124,ACORN-F,Comfortable,Std
MAC004967,ACORN-F,Comfortable,Std
MAC004845,ACORN-F,Comfortable,Std
MAC000980,ACORN-F,Comfortable,Std
MAC000634,ACORN-F,Comfortable,Std
MAC000502,ACORN-F,Comfortable,Std
MAC003950,ACORN-F,Comfortable,Std
MAC004299,ACORN-F,Comfortable,Std
MAC005162,ACORN-F,Comfortable,ToU
MAC004301,ACORN-F,Comfortable,Std
MAC004492,ACORN-F,Comfortable,Std
MAC004488,ACORN-F,Comfortable,Std
MAC005161,ACORN-F,Comfortable,ToU
MAC000188,ACORN-F,Comfortable,Std
MAC004304,ACORN-F,Comfortable,Std
MAC004310,ACORN-F,Comfortable,Std
MAC000211,ACORN-F,Comfortable,Std
MAC004483,ACORN-F,Comfortable,Std
MAC005150,ACORN-F,Comfortable,ToU
MAC004312,ACORN-F,Comfortable,Std
MAC004837,ACORN-F,Comfortable,ToU
MAC004313,ACORN-F,Comfortable,Std
MAC004478,ACORN-F,Comfortable,Std
MAC005147,ACORN-F,Comfortable,ToU
MAC000210,ACORN-F,Comfortable,Std
MAC004838,ACORN-F,Comfortable,ToU
MAC003587,ACORN-F,Comfortable,Std
MAC005146,ACORN-F,Comfortable,ToU
MAC004499,ACORN-F,Comfortable,Std
MAC004296,ACORN-F,Comfortable,Std
MAC000184,ACORN-F,Comfortable,Std
MAC000217,ACORN-F,Comfortable,Std
MAC004751,ACORN-F,Comfortable,ToU
MAC000721,ACORN-F,Comfortable,Std
MAC005173,ACORN-F,Comfortable,ToU
MAC004753,ACORN-F,Comfortable,ToU
MAC000215,ACORN-F,Comfortable,Std
MAC004526,ACORN-F,Comfortable,Std
MAC004523,ACORN-F,Comfortable,Std
MAC004282,ACORN-F,Comfortable,Std
MAC004284,ACORN-F,Comfortable,Std
MAC004285,ACORN-F,Comfortable,Std
MAC004521,ACORN-F,Comfortable,Std
MAC000563,ACORN-F,Comfortable,Std
MAC004768,ACORN-F,Comfortable,ToU
MAC004288,ACORN-F,Comfortable,Std
MAC004290,ACORN-F,Comfortable,Std
MAC000185,ACORN-F,Comfortable,Std
MAC004502,ACORN-F,Comfortable,Std
MAC000698,ACORN-F,Comfortable,Std
MAC000190,ACORN-F,Comfortable,Std
MAC005127,ACORN-F,Comfortable,ToU
MAC004472,ACORN-F,Comfortable,Std
MAC005057,ACORN-F,Comfortable,ToU
MAC000143,ACORN-F,Comfortable,Std
MAC000655,ACORN-F,Comfortable,Std
MAC004412,ACORN-F,Comfortable,Std
MAC003662,ACORN-F,Comfortable,Std
MAC000650,ACORN-F,Comfortable,Std
MAC000145,ACORN-F,Comfortable,Std
MAC004969,ACORN-F,Comfortable,ToU
MAC000648,ACORN-F,Comfortable,Std
MAC004368,ACORN-F,Comfortable,Std
MAC000149,ACORN-F,Comfortable,Std
MAC004371,ACORN-F,Comfortable,Std
MAC000643,ACORN-F,Comfortable,Std
MAC000642,ACORN-F,Comfortable,Std
MAC000201,ACORN-F,Comfortable,Std
MAC000148,ACORN-F,Comfortable,Std
MAC004375,ACORN-F,Comfortable,Std
MAC003689,ACORN-F,Comfortable,Std
MAC004378,ACORN-F,Comfortable,Std
MAC004418,ACORN-F,Comfortable,Std
MAC004420,ACORN-F,Comfortable,Std
MAC000661,ACORN-F,Comfortable,Std
MAC003717,ACORN-F,Comfortable,Std
MAC000209,ACORN-F,Comfortable,Std
MAC004337,ACORN-F,Comfortable,Std
MAC000591,ACORN-F,Comfortable,Std
MAC005110,ACORN-F,Comfortable,ToU
MAC004466,ACORN-F,Comfortable,Std
MAC000678,ACORN-F,Comfortable,Std
MAC000594,ACORN-F,Comfortable,Std
MAC000192,ACORN-F,Comfortable,Std
MAC000676,ACORN-F,Comfortable,Std
MAC005186,ACORN-F,Comfortable,ToU
MAC000675,ACORN-F,Comfortable,Std
MAC000671,ACORN-F,Comfortable,Std
MAC004917,ACORN-F,Comfortable,ToU
MAC004444,ACORN-F,Comfortable,Std
MAC005069,ACORN-F,Comfortable,ToU
MAC004441,ACORN-F,Comfortable,Std
MAC000613,ACORN-F,Comfortable,Std
MAC004429,ACORN-F,Comfortable,Std
MAC000200,ACORN-F,Comfortable,Std
MAC000206,ACORN-F,Comfortable,Std
MAC000197,ACORN-F,Comfortable,Std
MAC004362,ACORN-F,Comfortable,ToU
MAC003811,ACORN-F,Comfortable,Std
MAC000553,ACORN-F,Comfortable,Std
MAC000232,ACORN-F,Comfortable,Std
MAC003928,ACORN-F,Comfortable,Std
MAC003431,ACORN-F,Comfortable,Std
MAC004688,ACORN-F,Comfortable,Std
MAC004551,ACORN-F,Comfortable,ToU
MAC004163,ACORN-F,Comfortable,Std
MAC005341,ACORN-F,Comfortable,ToU
MAC000229,ACORN-F,Comfortable,Std
MAC004175,ACORN-F,Comfortable,Std
MAC000799,ACORN-F,Comfortable,Std
MAC000795,ACORN-F,Comfortable,Std
MAC000794,ACORN-F,Comfortable,Std
MAC000163,ACORN-F,Comfortable,Std
MAC000788,ACORN-F,Comfortable,Std
MAC000787,ACORN-F,Comfortable,Std
MAC000783,ACORN-F,Comfortable,Std
MAC004646,ACORN-F,Comfortable,Std
MAC000156,ACORN-F,Comfortable,Std
MAC000501,ACORN-F,Comfortable,Std
MAC000813,ACORN-F,Comfortable,Std
MAC003905,ACORN-F,Comfortable,Std
MAC004698,ACORN-F,Comfortable,Std
MAC004456,ACORN-F,Comfortable,ToU
MAC000468,ACORN-F,Comfortable,Std
MAC005396,ACORN-F,Comfortable,ToU
MAC004396,ACORN-F,Comfortable,ToU
MAC004400,ACORN-F,Comfortable,ToU
MAC000240,ACORN-F,Comfortable,Std
MAC004747,ACORN-F,Comfortable,Std
MAC000238,ACORN-F,Comfortable,Std
MAC004739,ACORN-F,Comfortable,Std
MAC000476,ACORN-F,Comfortable,Std
MAC004732,ACORN-F,Comfortable,Std
MAC003941,ACORN-F,Comfortable,Std
MAC004445,ACORN-F,Comfortable,ToU
MAC004145,ACORN-F,Comfortable,Std
MAC004726,ACORN-F,Comfortable,Std
MAC004725,ACORN-F,Comfortable,Std
MAC000479,ACORN-F,Comfortable,Std
MAC003937,ACORN-F,Comfortable,Std
MAC004708,ACORN-F,Comfortable,Std
MAC004451,ACORN-F,Comfortable,ToU
MAC000826,ACORN-F,Comfortable,Std
MAC004643,ACORN-F,Comfortable,Std
MAC000167,ACORN-F,Comfortable,Std
MAC004188,ACORN-F,Comfortable,Std
MAC004578,ACORN-F,Comfortable,Std
MAC005256,ACORN-F,Comfortable,ToU
MAC000536,ACORN-F,Comfortable,Std
MAC003519,ACORN-F,Comfortable,Std
MAC004235,ACORN-F,Comfortable,Std
MAC004237,ACORN-F,Comfortable,Std
MAC004572,ACORN-F,Comfortable,Std
MAC000539,ACORN-F,Comfortable,Std
MAC000177,ACORN-F,Comfortable,Std
MAC004691,ACORN-F,Comfortable,ToU
MAC004253,ACORN-F,Comfortable,Std
MAC004254,ACORN-F,Comfortable,Std
MAC004557,ACORN-F,Comfortable,Std
MAC004257,ACORN-F,Comfortable,Std
MAC004267,ACORN-F,Comfortable,Std
MAC000180,ACORN-F,Comfortable,Std
MAC004545,ACORN-F,Comfortable,Std
MAC003825,ACORN-F,Comfortable,Std
MAC000550,ACORN-F,Comfortable,Std
MAC004230,ACORN-F,Comfortable,Std
MAC000222,ACORN-F,Comfortable,Std
MAC004226,ACORN-F,Comfortable,Std
MAC003893,ACORN-F,Comfortable,Std
MAC004636,ACORN-F,Comfortable,Std
MAC004635,ACORN-F,Comfortable,Std
MAC000226,ACORN-F,Comfortable,Std
MAC004641,ACORN-F,Comfortable,ToU
MAC000769,ACORN-F,Comfortable,Std
MAC004197,ACORN-F,Comfortable,Std
MAC004201,ACORN-F,Comfortable,Std
MAC004616,ACORN-F,Comfortable,Std
MAC004274,ACORN-F,Comfortable,Std
MAC004202,ACORN-F,Comfortable,Std
MAC004657,ACORN-F,Comfortable,ToU
MAC004608,ACORN-F,Comfortable,Std
MAC004212,ACORN-F,Comfortable,Std
MAC004600,ACORN-F,Comfortable,Std
MAC004217,ACORN-F,Comfortable,Std
MAC004220,ACORN-F,Comfortable,Std
MAC004588,ACORN-F,Comfortable,Std
MAC000530,ACORN-F,Comfortable,Std
MAC003509,ACORN-F,Comfortable,Std
MAC004203,ACORN-F,Comfortable,Std
MAC001944,ACORN-F,Comfortable,Std
MAC000399,ACORN-F,Comfortable,Std
MAC001463,ACORN-F,Comfortable,Std
MAC002283,ACORN-F,Comfortable,Std
MAC001718,ACORN-F,Comfortable,ToU
MAC002715,ACORN-F,Comfortable,Std
MAC002716,ACORN-F,Comfortable,Std
MAC001696,ACORN-F,Comfortable,Std
MAC001327,ACORN-F,Comfortable,Std
MAC002278,ACORN-F,Comfortable,Std
MAC002731,ACORN-F,Comfortable,Std
MAC002733,ACORN-F,Comfortable,Std
MAC000098,ACORN-F,Comfortable,Std
MAC002672,ACORN-F,Comfortable,ToU
MAC001312,ACORN-F,Comfortable,Std
MAC002746,ACORN-F,Comfortable,Std
MAC001308,ACORN-F,Comfortable,Std
MAC002748,ACORN-F,Comfortable,Std
MAC002738,ACORN-F,Comfortable,ToU
MAC001301,ACORN-F,Comfortable,Std
MAC002753,ACORN-F,Comfortable,Std
MAC002755,ACORN-F,Comfortable,Std
MAC001296,ACORN-F,Comfortable,Std
MAC001310,ACORN-F,Comfortable,Std
MAC000328,ACORN-F,Comfortable,ToU
MAC005305,ACORN-F,Comfortable,Std
MAC002698,ACORN-F,Comfortable,Std
MAC001391,ACORN-F,Comfortable,Std
MAC002640,ACORN-F,Comfortable,Std
MAC001390,ACORN-F,Comfortable,Std
MAC001382,ACORN-F,Comfortable,Std
MAC001778,ACORN-F,Comfortable,ToU
MAC002650,ACORN-F,Comfortable,Std
MAC002651,ACORN-F,Comfortable,Std
MAC000198,ACORN-F,Comfortable,ToU
MAC001377,ACORN-F,Comfortable,Std
MAC000247,ACORN-F,Comfortable,ToU
MAC002301,ACORN-F,Comfortable,Std
MAC005325,ACORN-F,Comfortable,Std
MAC001368,ACORN-F,Comfortable,Std
MAC002585,ACORN-F,Comfortable,ToU
MAC000261,ACORN-F,Comfortable,ToU
MAC000265,ACORN-F,Comfortable,ToU
MAC002586,ACORN-F,Comfortable,ToU
MAC002589,ACORN-F,Comfortable,ToU
MAC002682,ACORN-F,Comfortable,Std
MAC002684,ACORN-F,Comfortable,Std
MAC000286,ACORN-F,Comfortable,ToU
MAC001685,ACORN-F,Comfortable,Std
MAC002286,ACORN-F,Comfortable,Std
MAC002769,ACORN-F,Comfortable,ToU
MAC002520,ACORN-F,Comfortable,ToU
MAC002794,ACORN-F,Comfortable,ToU
MAC000366,ACORN-F,Comfortable,ToU
MAC001248,ACORN-F,Comfortable,Std
MAC002909,ACORN-F,Comfortable,ToU
MAC001242,ACORN-F,Comfortable,Std
MAC002231,ACORN-F,Comfortable,Std
MAC002918,ACORN-F,Comfortable,ToU
MAC005230,ACORN-F,Comfortable,Std
MAC001721,ACORN-F,Comfortable,Std
MAC002834,ACORN-F,Comfortable,Std
MAC001724,ACORN-F,Comfortable,Std
MAC005493,ACORN-F,Comfortable,Std
MAC000467,ACORN-F,Comfortable,ToU
MAC000319,ACORN-F,Comfortable,Std
MAC002932,ACORN-F,Comfortable,ToU
MAC001728,ACORN-F,Comfortable,Std
MAC001729,ACORN-F,Comfortable,Std
MAC000494,ACORN-F,Comfortable,ToU
MAC002983,ACORN-F,Comfortable,ToU
MAC002995,ACORN-F,Comfortable,ToU
MAC001217,ACORN-F,Comfortable,Std
MAC001216,ACORN-F,Comfortable,Std
MAC001686,ACORN-F,Comfortable,ToU
MAC001214,ACORN-F,Comfortable,Std
MAC002837,ACORN-F,Comfortable,Std
MAC000465,ACORN-F,Comfortable,ToU
MAC002818,ACORN-F,Comfortable,Std
MAC001249,ACORN-F,Comfortable,Std
MAC000369,ACORN-F,Comfortable,ToU
MAC002266,ACORN-F,Comfortable,Std
MAC005264,ACORN-F,Comfortable,Std
MAC002261,ACORN-F,Comfortable,Std
MAC001280,ACORN-F,Comfortable,Std
MAC002783,ACORN-F,Comfortable,Std
MAC000439,ACORN-F,Comfortable,ToU
MAC001268,ACORN-F,Comfortable,Std
MAC002254,ACORN-F,Comfortable,Std
MAC002855,ACORN-F,Comfortable,ToU
MAC001265,ACORN-F,Comfortable,Std
MAC002253,ACORN-F,Comfortable,Std
MAC002799,ACORN-F,Comfortable,Std
MAC002251,ACORN-F,Comfortable,Std
MAC005246,ACORN-F,Comfortable,Std
MAC004063,ACORN-F,Comfortable,Std
MAC005245,ACORN-F,Comfortable,Std
MAC001262,ACORN-F,Comfortable,Std
MAC002874,ACORN-F,Comfortable,ToU
MAC005243,ACORN-F,Comfortable,Std
MAC001694,ACORN-F,Comfortable,ToU
MAC002894,ACORN-F,Comfortable,ToU
MAC005241,ACORN-F,Comfortable,Std
MAC002795,ACORN-F,Comfortable,ToU
MAC002507,ACORN-F,Comfortable,ToU
MAC000170,ACORN-F,Comfortable,ToU
MAC001847,ACORN-F,Comfortable,ToU
MAC005438,ACORN-F,Comfortable,Std
MAC002451,ACORN-F,Comfortable,Std
MAC002022,ACORN-F,Comfortable,ToU
MAC002122,ACORN-F,Comfortable,ToU
MAC005431,ACORN-F,Comfortable,Std
MAC002460,ACORN-F,Comfortable,Std
MAC005542,ACORN-F,Comfortable,Std
MAC002376,ACORN-F,Comfortable,Std
MAC002465,ACORN-F,Comfortable,Std
MAC002466,ACORN-F,Comfortable,Std
MAC002449,ACORN-F,Comfortable,Std
MAC001548,ACORN-F,Comfortable,Std
MAC001615,ACORN-F,Comfortable,Std
MAC001543,ACORN-F,Comfortable,Std
MAC002480,ACORN-F,Comfortable,Std
MAC001535,ACORN-F,Comfortable,Std
MAC002487,ACORN-F,Comfortable,Std
MAC002489,ACORN-F,Comfortable,Std
MAC002176,ACORN-F,Comfortable,ToU
MAC002182,ACORN-F,Comfortable,ToU
MAC002500,ACORN-F,Comfortable,Std
MAC002183,ACORN-F,Comfortable,ToU
MAC005425,ACORN-F,Comfortable,Std
MAC002383,ACORN-F,Comfortable,Std
MAC002030,ACORN-F,Comfortable,ToU
MAC005481,ACORN-F,Comfortable,Std
MAC002397,ACORN-F,Comfortable,Std
MAC002084,ACORN-F,Comfortable,ToU
MAC005471,ACORN-F,Comfortable,Std
MAC005467,ACORN-F,Comfortable,Std
MAC005466,ACORN-F,Comfortable,Std
MAC005464,ACORN-F,Comfortable,Std
MAC002417,ACORN-F,Comfortable,Std
MAC005456,ACORN-F,Comfortable,Std
MAC002422,ACORN-F,Comfortable,Std
MAC001573,ACORN-F,Comfortable,Std
MAC005451,ACORN-F,Comfortable,Std
MAC001570,ACORN-F,Comfortable,Std
MAC002395,ACORN-F,Comfortable,Std
MAC002430,ACORN-F,Comfortable,Std
MAC002061,ACORN-F,Comfortable,ToU
MAC001569,ACORN-F,Comfortable,Std
MAC002393,ACORN-F,Comfortable,Std
MAC002389,ACORN-F,Comfortable,Std
MAC001601,ACORN-F,Comfortable,Std
MAC005441,ACORN-F,Comfortable,Std
MAC001563,ACORN-F,Comfortable,Std
MAC002502,ACORN-F,Comfortable,Std
MAC001969,ACORN-F,Comfortable,ToU
MAC001523,ACORN-F,Comfortable,Std
MAC002193,ACORN-F,Comfortable,ToU
MAC005379,ACORN-F,Comfortable,Std
MAC001450,ACORN-F,Comfortable,Std
MAC001861,ACORN-F,Comfortable,ToU
MAC002344,ACORN-F,Comfortable,ToU
MAC002349,ACORN-F,Comfortable,Std
MAC002348,ACORN-F,Comfortable,Std
MAC005372,ACORN-F,Comfortable,Std
MAC001646,ACORN-F,Comfortable,Std
MAC001432,ACORN-F,Comfortable,Std
MAC001649,ACORN-F,Comfortable,Std
MAC002332,ACORN-F,Comfortable,Std
MAC001659,ACORN-F,Comfortable,Std
MAC002329,ACORN-F,Comfortable,Std
MAC001422,ACORN-F,Comfortable,Std
MAC000147,ACORN-F,Comfortable,ToU
MAC002619,ACORN-F,Comfortable,Std
MAC000314,ACORN-F,Comfortable,Std
MAC002486,ACORN-F,Comfortable,ToU
MAC002320,ACORN-F,Comfortable,Std
MAC005361,ACORN-F,Comfortable,Std
MAC002630,ACORN-F,Comfortable,Std
MAC002577,ACORN-F,Comfortable,Std
MAC001211,ACORN-F,Comfortable,Std
MAC001637,ACORN-F,Comfortable,Std
MAC001458,ACORN-F,Comfortable,Std
MAC001515,ACORN-F,Comfortable,Std
MAC002521,ACORN-F,Comfortable,Std
MAC002219,ACORN-F,Comfortable,ToU
MAC005562,ACORN-F,Comfortable,Std
MAC001625,ACORN-F,Comfortable,Std
MAC002363,ACORN-F,Comfortable,Std
MAC002529,ACORN-F,Comfortable,Std
MAC000347,ACORN-F,Comfortable,Std
MAC002532,ACORN-F,Comfortable,Std
MAC002538,ACORN-F,Comfortable,Std
MAC001492,ACORN-F,Comfortable,Std
MAC001491,ACORN-F,Comfortable,Std
MAC001490,ACORN-F,Comfortable,Std
MAC001630,ACORN-F,Comfortable,Std
MAC001481,ACORN-F,Comfortable,Std
MAC001631,ACORN-F,Comfortable,Std
MAC000044,ACORN-F,Comfortable,ToU
MAC002554,ACORN-F,Comfortable,Std
MAC002277,ACORN-F,Comfortable,ToU
MAC000051,ACORN-F,Comfortable,ToU
MAC003132,ACORN-F,Comfortable,Std
MAC001635,ACORN-F,Comfortable,Std
MAC001733,ACORN-F,Comfortable,Std
MAC002927,ACORN-F,Comfortable,ToU
MAC002205,ACORN-F,Comfortable,Std
MAC000841,ACORN-F,Comfortable,ToU
MAC001848,ACORN-F,Comfortable,Std
MAC000845,ACORN-F,Comfortable,ToU
MAC003028,ACORN-F,Comfortable,Std
MAC003029,ACORN-F,Comfortable,Std
MAC001860,ACORN-F,Comfortable,Std
MAC000859,ACORN-F,Comfortable,ToU
MAC005078,ACORN-F,Comfortable,Std
MAC005077,ACORN-F,Comfortable,Std
MAC003034,ACORN-F,Comfortable,Std
MAC001372,ACORN-F,Comfortable,ToU
MAC005073,ACORN-F,Comfortable,Std
MAC000887,ACORN-F,Comfortable,ToU
MAC001090,ACORN-F,Comfortable,Std
MAC000901,ACORN-F,Comfortable,ToU
MAC005071,ACORN-F,Comfortable,Std
MAC002044,ACORN-F,Comfortable,Std
MAC003050,ACORN-F,Comfortable,Std
MAC005067,ACORN-F,Comfortable,Std
MAC003503,ACORN-F,Comfortable,ToU
MAC001877,ACORN-F,Comfortable,Std
MAC000834,ACORN-F,Comfortable,ToU
MAC001842,ACORN-F,Comfortable,Std
MAC000053,ACORN-F,Comfortable,Std
MAC001809,ACORN-F,Comfortable,Std
MAC005123,ACORN-F,Comfortable,Std
MAC002994,ACORN-F,Comfortable,Std
MAC002998,ACORN-F,Comfortable,Std
MAC001813,ACORN-F,Comfortable,Std
MAC005114,ACORN-F,Comfortable,Std
MAC001818,ACORN-F,Comfortable,Std
MAC001822,ACORN-F,Comfortable,Std
MAC001125,ACORN-F,Comfortable,Std
MAC001124,ACORN-F,Comfortable,Std
MAC002034,ACORN-F,Comfortable,Std
MAC002090,ACORN-F,Comfortable,Std
MAC001828,ACORN-F,Comfortable,Std
MAC001121,ACORN-F,Comfortable,Std
MAC002086,ACORN-F,Comfortable,Std
MAC005107,ACORN-F,Comfortable,Std
MAC001466,ACORN-F,Comfortable,ToU
MAC001941,ACORN-F,Comfortable,Std
MAC001447,ACORN-F,Comfortable,ToU
MAC000821,ACORN-F,Comfortable,ToU
MAC001838,ACORN-F,Comfortable,Std
MAC001210,ACORN-F,Comfortable,Std
MAC001879,ACORN-F,Comfortable,Std
MAC001084,ACORN-F,Comfortable,Std
MAC003057,ACORN-F,Comfortable,Std
MAC001169,ACORN-F,Comfortable,ToU
MAC001033,ACORN-F,Comfortable,ToU
MAC001974,ACORN-F,Comfortable,Std
MAC005024,ACORN-F,Comfortable,Std
MAC001973,ACORN-F,Comfortable,Std
MAC001971,ACORN-F,Comfortable,Std
MAC001924,ACORN-F,Comfortable,Std
MAC001926,ACORN-F,Comfortable,Std
MAC001965,ACORN-F,Comfortable,Std
MAC001141,ACORN-F,Comfortable,ToU
MAC003679,ACORN-F,Comfortable,ToU
MAC001136,ACORN-F,Comfortable,ToU
MAC001934,ACORN-F,Comfortable,Std
MAC001949,ACORN-F,Comfortable,Std
MAC003118,ACORN-F,Comfortable,Std
MAC000039,ACORN-F,Comfortable,Std
MAC003121,ACORN-F,Comfortable,Std
MAC001948,ACORN-F,Comfortable,Std
MAC001103,ACORN-F,Comfortable,ToU
MAC003125,ACORN-F,Comfortable,Std
MAC003126,ACORN-F,Comfortable,Std
MAC001946,ACORN-F,Comfortable,Std
MAC001961,ACORN-F,Comfortable,Std
MAC005126,ACORN-F,Comfortable,Std
MAC003101,ACORN-F,Comfortable,Std
MAC001023,ACORN-F,Comfortable,ToU
MAC005064,ACORN-F,Comfortable,Std
MAC005060,ACORN-F,Comfortable,Std
MAC001080,ACORN-F,Comfortable,Std
MAC001079,ACORN-F,Comfortable,Std
MAC001078,ACORN-F,Comfortable,Std
MAC001281,ACORN-F,Comfortable,ToU
MAC005050,ACORN-F,Comfortable,Std
MAC001890,ACORN-F,Comfortable,Std
MAC001270,ACORN-F,Comfortable,ToU
MAC001025,ACORN-F,Comfortable,ToU
MAC001264,ACORN-F,Comfortable,ToU
MAC002012,ACORN-F,Comfortable,Std
MAC001228,ACORN-F,Comfortable,ToU
MAC001903,ACORN-F,Comfortable,Std
MAC001906,ACORN-F,Comfortable,Std
MAC001992,ACORN-F,Comfortable,Std
MAC001911,ACORN-F,Comfortable,Std
MAC001913,ACORN-F,Comfortable,Std
MAC003643,ACORN-F,Comfortable,ToU
MAC001055,ACORN-F,Comfortable,Std
MAC005043,ACORN-F,Comfortable,Std
MAC002987,ACORN-F,Comfortable,Std
MAC000789,ACORN-F,Comfortable,ToU
MAC000728,ACORN-F,Comfortable,ToU
MAC002181,ACORN-F,Comfortable,Std
MAC001757,ACORN-F,Comfortable,Std
MAC002922,ACORN-F,Comfortable,Std
MAC005170,ACORN-F,Comfortable,Std
MAC001758,ACORN-F,Comfortable,Std
MAC005169,ACORN-F,Comfortable,Std
MAC005167,ACORN-F,Comfortable,Std
MAC001170,ACORN-F,Comfortable,Std
MAC005129,ACORN-F,Comfortable,Std
MAC001759,ACORN-F,Comfortable,Std
MAC005155,ACORN-F,Comfortable,Std
MAC001760,ACORN-F,Comfortable,Std
MAC002942,ACORN-F,Comfortable,Std
MAC000060,ACORN-F,Comfortable,Std
MAC002944,ACORN-F,Comfortable,Std
MAC001764,ACORN-F,Comfortable,Std
MAC005174,ACORN-F,Comfortable,Std
MAC002186,ACORN-F,Comfortable,Std
MAC005176,ACORN-F,Comfortable,Std
MAC001186,ACORN-F,Comfortable,Std
MAC001208,ACORN-F,Comfortable,Std
MAC005210,ACORN-F,Comfortable,Std
MAC005208,ACORN-F,Comfortable,Std
MAC002872,ACORN-F,Comfortable,Std
MAC002873,ACORN-F,Comfortable,Std
MAC003069,ACORN-F,Comfortable,ToU
MAC001200,ACORN-F,Comfortable,Std
MAC005201,ACORN-F,Comfortable,Std
MAC001769,ACORN-F,Comfortable,Std
MAC001197,ACORN-F,Comfortable,Std
MAC002890,ACORN-F,Comfortable,Std
MAC005191,ACORN-F,Comfortable,Std
MAC005188,ACORN-F,Comfortable,Std
MAC001667,ACORN-F,Comfortable,ToU
MAC001660,ACORN-F,Comfortable,ToU
MAC002904,ACORN-F,Comfortable,Std
MAC000586,ACORN-F,Comfortable,ToU
MAC002189,ACORN-F,Comfortable,Std
MAC003080,ACORN-F,Comfortable,ToU
MAC002163,ACORN-F,Comfortable,Std
MAC000605,ACORN-F,Comfortable,ToU
MAC002973,ACORN-F,Comfortable,Std
MAC001789,ACORN-F,Comfortable,Std
MAC002964,ACORN-F,Comfortable,Std
MAC001790,ACORN-F,Comfortable,Std
MAC001793,ACORN-F,Comfortable,Std
MAC005133,ACORN-F,Comfortable,Std
MAC002136,ACORN-F,Comfortable,Std
MAC002960,ACORN-F,Comfortable,Std
MAC001542,ACORN-F,Comfortable,ToU
MAC001802,ACORN-F,Comfortable,Std
MAC001139,ACORN-F,Comfortable,Std
MAC001508,ACORN-F,Comfortable,ToU
MAC001805,ACORN-F,Comfortable,Std
MAC000725,ACORN-F,Comfortable,ToU
MAC002984,ACORN-F,Comfortable,Std
MAC000710,ACORN-F,Comfortable,ToU
MAC001786,ACORN-F,Comfortable,Std
MAC001587,ACORN-F,Comfortable,Std
MAC002956,ACORN-F,Comfortable,Std
MAC001784,ACORN-F,Comfortable,Std
MAC001782,ACORN-F,Comfortable,Std
MAC002957,ACORN-F,Comfortable,Std
MAC001602,ACORN-F,Comfortable,ToU
MAC002149,ACORN-F,Comfortable,Std
MAC004151,ACORN-G,Comfortable,Std
MAC000754,ACORN-G,Comfortable,ToU
MAC000470,ACORN-G,Comfortable,ToU
MAC002104,ACORN-G,Comfortable,Std
MAC000453,ACORN-G,Comfortable,Std
MAC001739,ACORN-G,Comfortable,Std
MAC000519,ACORN-G,Comfortable,Std
MAC004032,ACORN-G,Comfortable,Std
MAC003904,ACORN-G,Comfortable,Std
MAC000183,ACORN-G,Comfortable,Std
MAC004271,ACORN-G,Comfortable,Std
MAC004204,ACORN-G,Comfortable,Std
MAC004134,ACORN-G,Comfortable,Std
MAC001690,ACORN-G,Comfortable,Std
MAC004338,ACORN-G,Comfortable,Std
MAC002220,ACORN-G,Comfortable,Std
MAC001940,ACORN-G,Comfortable,Std
MAC004060,ACORN-G,Comfortable,Std
MAC000278,ACORN-G,Comfortable,ToU
MAC003796,ACORN-G,Comfortable,Std
MAC001680,ACORN-G,Comfortable,ToU
MAC003868,ACORN-G,Comfortable,Std
MAC001592,ACORN-G,Comfortable,Std
MAC003870,ACORN-G,Comfortable,Std
MAC000352,ACORN-G,Comfortable,ToU
MAC001807,ACORN-G,Comfortable,Std
MAC003871,ACORN-G,Comfortable,Std
MAC001935,ACORN-G,Comfortable,Std
MAC000524,ACORN-G,Comfortable,Std
MAC004049,ACORN-G,Comfortable,Std
MAC005281,ACORN-G,Comfortable,ToU
MAC003819,ACORN-G,Comfortable,Std
MAC001985,ACORN-G,Comfortable,Std
MAC000097,ACORN-G,Comfortable,Std
MAC005533,ACORN-G,Comfortable,ToU
MAC003734,ACORN-G,Comfortable,Std
MAC003814,ACORN-G,Comfortable,Std
MAC004130,ACORN-G,Comfortable,Std
MAC003735,ACORN-G,Comfortable,Std
MAC001626,ACORN-G,Comfortable,ToU
MAC001881,ACORN-G,Comfortable,Std
MAC004138,ACORN-G,Comfortable,Std
MAC002032,ACORN-G,Comfortable,Std
MAC000094,ACORN-G,Comfortable,Std
MAC002074,ACORN-G,Comfortable,Std
MAC003831,ACORN-G,Comfortable,Std
MAC003830,ACORN-G,Comfortable,Std
MAC002037,ACORN-G,Comfortable,Std
MAC003828,ACORN-G,Comfortable,Std
MAC002071,ACORN-G,Comfortable,Std
MAC001335,ACORN-G,Comfortable,ToU
MAC003847,ACORN-G,Comfortable,Std
MAC003733,ACORN-G,Comfortable,Std
MAC001566,ACORN-G,Comfortable,ToU
MAC001636,ACORN-G,Comfortable,ToU
MAC005514,ACORN-G,Comfortable,ToU
MAC000151,ACORN-G,Comfortable,Std
MAC003729,ACORN-G,Comfortable,Std
MAC001012,ACORN-G,Comfortable,ToU
MAC003810,ACORN-G,Comfortable,Std
MAC002311,ACORN-G,Comfortable,Std
MAC000157,ACORN-G,Comfortable,Std
MAC001857,ACORN-G,Comfortable,ToU
MAC000595,ACORN-G,Comfortable,ToU
MAC001830,ACORN-G,Comfortable,ToU
MAC005543,ACORN-G,Comfortable,Std
MAC001792,ACORN-G,Comfortable,Std
MAC002245,ACORN-G,Comfortable,Std
MAC005207,ACORN-G,Comfortable,ToU
MAC000447,ACORN-G,Comfortable,ToU
MAC001771,ACORN-G,Comfortable,Std
MAC003760,ACORN-G,Comfortable,ToU
MAC002405,ACORN-G,Comfortable,Std
MAC004361,ACORN-G,Comfortable,ToU
MAC003370,ACORN-G,Comfortable,Std
MAC002075,ACORN-G,Comfortable,ToU
MAC003363,ACORN-G,Comfortable,Std
MAC003359,ACORN-G,Comfortable,Std
MAC003140,ACORN-G,Comfortable,ToU
MAC003342,ACORN-G,Comfortable,Std
MAC003385,ACORN-G,Comfortable,Std
MAC003247,ACORN-G,Comfortable,ToU
MAC003332,ACORN-G,Comfortable,Std
MAC004830,ACORN-G,Comfortable,Std
MAC005139,ACORN-G,Comfortable,Std
MAC003259,ACORN-G,Comfortable,ToU
MAC003262,ACORN-G,Comfortable,ToU
MAC003307,ACORN-G,Comfortable,Std
MAC005132,ACORN-G,Comfortable,Std
MAC003304,ACORN-G,Comfortable,Std
MAC000250,ACORN-G,Comfortable,Std
MAC003302,ACORN-G,Comfortable,Std
MAC003391,ACORN-G,Comfortable,Std
MAC005213,ACORN-G,Comfortable,Std
MAC003478,ACORN-G,Comfortable,Std
MAC000069,ACORN-G,Comfortable,Std
MAC003475,ACORN-G,Comfortable,Std
MAC003470,ACORN-G,Comfortable,Std
MAC002836,ACORN-G,Comfortable,ToU
MAC002787,ACORN-G,Comfortable,Std
MAC002789,ACORN-G,Comfortable,Std
MAC004658,ACORN-G,Comfortable,Std
MAC003393,ACORN-G,Comfortable,Std
MAC003452,ACORN-G,Comfortable,Std
MAC001253,ACORN-G,Comfortable,Std
MAC005239,ACORN-G,Comfortable,Std
MAC004685,ACORN-G,Comfortable,Std
MAC004485,ACORN-G,Comfortable,ToU
MAC004703,ACORN-G,Comfortable,Std
MAC001227,ACORN-G,Comfortable,Std
MAC002847,ACORN-G,Comfortable,Std
MAC000835,ACORN-G,Comfortable,Std
MAC004660,ACORN-G,Comfortable,Std
MAC004850,ACORN-G,Comfortable,Std
MAC005130,ACORN-G,Comfortable,Std
MAC000900,ACORN-G,Comfortable,Std
MAC001069,ACORN-G,Comfortable,Std
MAC004962,ACORN-G,Comfortable,Std
MAC003968,ACORN-G,Comfortable,ToU
MAC003571,ACORN-G,Comfortable,ToU
MAC004970,ACORN-G,Comfortable,Std
MAC003187,ACORN-G,Comfortable,Std
MAC003617,ACORN-G,Comfortable,ToU
MAC003092,ACORN-G,Comfortable,Std
MAC001071,ACORN-G,Comfortable,Std
MAC004978,ACORN-G,Comfortable,Std
MAC003677,ACORN-G,Comfortable,ToU
MAC003169,ACORN-G,Comfortable,Std
MAC003695,ACORN-G,Comfortable,ToU
MAC003713,ACORN-G,Comfortable,ToU
MAC003827,ACORN-G,Comfortable,ToU
MAC003771,ACORN-G,Comfortable,ToU
MAC001036,ACORN-G,Comfortable,Std
MAC003174,ACORN-G,Comfortable,Std
MAC003531,ACORN-G,Comfortable,ToU
MAC000118,ACORN-G,Comfortable,Std
MAC003228,ACORN-G,Comfortable,Std
MAC003295,ACORN-G,Comfortable,Std
MAC003274,ACORN-G,Comfortable,ToU
MAC004874,ACORN-G,Comfortable,Std
MAC000260,ACORN-G,Comfortable,Std
MAC003276,ACORN-G,Comfortable,Std
MAC003333,ACORN-G,Comfortable,ToU
MAC003266,ACORN-G,Comfortable,Std
MAC003409,ACORN-G,Comfortable,ToU
MAC003414,ACORN-G,Comfortable,ToU
MAC003255,ACORN-G,Comfortable,Std
MAC003419,ACORN-G,Comfortable,ToU
MAC005090,ACORN-G,Comfortable,Std
MAC004905,ACORN-G,Comfortable,Std
MAC003244,ACORN-G,Comfortable,Std
MAC005084,ACORN-G,Comfortable,Std
MAC003234,ACORN-G,Comfortable,Std
MAC003483,ACORN-G,Comfortable,ToU
MAC003230,ACORN-G,Comfortable,Std
MAC003042,ACORN-G,Comfortable,Std
MAC003480,ACORN-G,Comfortable,Std
MAC002759,ACORN-G,Comfortable,Std
MAC005100,ACORN-G,Comfortable,Std
MAC000225,ACORN-G,Comfortable,Std
MAC001354,ACORN-G,Comfortable,Std
MAC003663,ACORN-G,Comfortable,Std
MAC003534,ACORN-G,Comfortable,Std
MAC002667,ACORN-G,Comfortable,Std
MAC002461,ACORN-G,Comfortable,Std
MAC002574,ACORN-G,Comfortable,ToU
MAC005430,ACORN-G,Comfortable,Std
MAC001393,ACORN-G,Comfortable,Std
MAC001396,ACORN-G,Comfortable,Std
MAC004450,ACORN-G,Comfortable,Std
MAC003627,ACORN-G,Comfortable,Std
MAC002496,ACORN-G,Comfortable,ToU
MAC004762,ACORN-G,Comfortable,ToU
MAC002443,ACORN-G,Comfortable,Std
MAC005410,ACORN-G,Comfortable,Std
MAC001419,ACORN-G,Comfortable,Std
MAC004460,ACORN-G,Comfortable,Std
MAC002222,ACORN-G,Comfortable,ToU
MAC002535,ACORN-G,Comfortable,Std
MAC000699,ACORN-G,Comfortable,Std
MAC000691,ACORN-G,Comfortable,Std
MAC001473,ACORN-G,Comfortable,Std
MAC001438,ACORN-G,Comfortable,Std
MAC003485,ACORN-G,Comfortable,Std
MAC003600,ACORN-G,Comfortable,Std
MAC003596,ACORN-G,Comfortable,Std
MAC004484,ACORN-G,Comfortable,Std
MAC005374,ACORN-G,Comfortable,Std
MAC003621,ACORN-G,Comfortable,Std
MAC003672,ACORN-G,Comfortable,Std
MAC003552,ACORN-G,Comfortable,Std
MAC003589,ACORN-G,Comfortable,Std
MAC001585,ACORN-G,Comfortable,Std
MAC000348,ACORN-G,Comfortable,Std
MAC005443,ACORN-G,Comfortable,Std
MAC002708,ACORN-G,Comfortable,Std
MAC003512,ACORN-G,Comfortable,Std
MAC003687,ACORN-G,Comfortable,Std
MAC002699,ACORN-G,Comfortable,Std
MAC002718,ACORN-G,Comfortable,Std
MAC004669,ACORN-G,Comfortable,ToU
MAC003681,ACORN-G,Comfortable,Std
MAC001091,ACORN-H,Comfortable,ToU
MAC003823,ACORN-H,Comfortable,ToU
MAC004081,ACORN-H,Comfortable,Std
MAC001322,ACORN-H,Comfortable,ToU
MAC005072,ACORN-H,Comfortable,Std
MAC004922,ACORN-H,Comfortable,Std
MAC003489,ACORN-H,Comfortable,ToU
MAC003524,ACORN-H,Comfortable,ToU
MAC005444,ACORN-H,Comfortable,Std
MAC002238,ACORN-H,Comfortable,ToU
MAC003820,ACORN-H,Comfortable,ToU
MAC005074,ACORN-H,Comfortable,Std
MAC005081,ACORN-H,Comfortable,Std
MAC004012,ACORN-H,Comfortable,ToU
MAC002246,ACORN-H,Comfortable,ToU
MAC003439,ACORN-H,Comfortable,ToU
MAC004107,ACORN-H,Comfortable,ToU
MAC003808,ACORN-H,Comfortable,ToU
MAC003753,ACORN-H,Comfortable,ToU
MAC003436,ACORN-H,Comfortable,ToU
MAC002300,ACORN-H,Comfortable,ToU
MAC003758,ACORN-H,Comfortable,ToU
MAC003372,ACORN-H,Comfortable,ToU
MAC005448,ACORN-H,Comfortable,ToU
MAC004929,ACORN-H,Comfortable,Std
MAC000010,ACORN-H,Comfortable,Std
MAC004391,ACORN-H,Comfortable,Std
MAC000043,ACORN-H,Comfortable,Std
MAC004956,ACORN-H,Comfortable,ToU
MAC005508,ACORN-H,Comfortable,ToU
MAC003581,ACORN-H,Comfortable,ToU
MAC000091,ACORN-H,Comfortable,Std
MAC003899,ACORN-H,Comfortable,ToU
MAC004423,ACORN-H,Comfortable,Std
MAC004098,ACORN-H,Comfortable,Std
MAC003626,ACORN-H,Comfortable,ToU
MAC003638,ACORN-H,Comfortable,ToU
MAC001016,ACORN-H,Comfortable,ToU
MAC003684,ACORN-H,Comfortable,ToU
MAC004095,ACORN-H,Comfortable,Std
MAC003682,ACORN-H,Comfortable,ToU
MAC005035,ACORN-H,Comfortable,Std
MAC003528,ACORN-H,Comfortable,ToU
MAC000119,ACORN-H,Comfortable,Std
MAC004494,ACORN-H,Comfortable,Std
MAC001118,ACORN-H,Comfortable,ToU
MAC003852,ACORN-H,Comfortable,ToU
MAC001297,ACORN-H,Comfortable,ToU
MAC003991,ACORN-H,Comfortable,ToU
MAC003865,ACORN-H,Comfortable,ToU
MAC000946,ACORN-H,Comfortable,ToU
MAC000089,ACORN-H,Comfortable,Std
MAC000965,ACORN-H,Comfortable,ToU
MAC005048,ACORN-H,Comfortable,Std
MAC001951,ACORN-H,Comfortable,ToU
MAC002188,ACORN-H,Comfortable,ToU
MAC003722,ACORN-H,Comfortable,ToU
MAC003897,ACORN-H,Comfortable,ToU
MAC004440,ACORN-H,Comfortable,Std
MAC004114,ACORN-H,Comfortable,Std
MAC004457,ACORN-H,Comfortable,Std
MAC004321,ACORN-H,Comfortable,Std
MAC004155,ACORN-H,Comfortable,ToU
MAC005229,ACORN-H,Comfortable,Std
MAC004491,ACORN-H,Comfortable,ToU
MAC000070,ACORN-H,Comfortable,Std
MAC002602,ACORN-H,Comfortable,ToU
MAC002951,ACORN-H,Comfortable,ToU
MAC004222,ACORN-H,Comfortable,Std
MAC004710,ACORN-H,Comfortable,ToU
MAC004711,ACORN-H,Comfortable,ToU
MAC002925,ACORN-H,Comfortable,ToU
MAC004737,ACORN-H,Comfortable,Std
MAC000259,ACORN-H,Comfortable,ToU
MAC004748,ACORN-H,Comfortable,Std
MAC004214,ACORN-H,Comfortable,Std
MAC004749,ACORN-H,Comfortable,Std
MAC004766,ACORN-H,Comfortable,Std
MAC003116,ACORN-H,Comfortable,ToU
MAC000007,ACORN-H,Comfortable,Std
MAC004542,ACORN-H,Comfortable,Std
MAC003044,ACORN-H,Comfortable,ToU
MAC005330,ACORN-H,Comfortable,Std
MAC002915,ACORN-H,Comfortable,ToU
MAC004676,ACORN-H,Comfortable,Std
MAC002694,ACORN-H,Comfortable,ToU
MAC002692,ACORN-H,Comfortable,ToU
MAC002680,ACORN-H,Comfortable,ToU
MAC004275,ACORN-H,Comfortable,Std
MAC004642,ACORN-H,Comfortable,Std
MAC005259,ACORN-H,Comfortable,Std
MAC004262,ACORN-H,Comfortable,Std
MAC004651,ACORN-H,Comfortable,Std
MAC004279,ACORN-H,Comfortable,Std
MAC004255,ACORN-H,Comfortable,Std
MAC004609,ACORN-H,Comfortable,ToU
MAC000451,ACORN-H,Comfortable,ToU
MAC004277,ACORN-H,Comfortable,Std
MAC005298,ACORN-H,Comfortable,Std
MAC004683,ACORN-H,Comfortable,ToU
MAC000461,ACORN-H,Comfortable,ToU
MAC004675,ACORN-H,Comfortable,Std
MAC004654,ACORN-H,Comfortable,Std
MAC001650,ACORN-H,Comfortable,ToU
MAC004354,ACORN-H,Comfortable,ToU
MAC003120,ACORN-H,Comfortable,ToU
MAC003272,ACORN-H,Comfortable,ToU
MAC004167,ACORN-H,Comfortable,Std
MAC004166,ACORN-H,Comfortable,Std
MAC005366,ACORN-H,Comfortable,Std
MAC000128,ACORN-H,Comfortable,Std
MAC000688,ACORN-H,Comfortable,ToU
MAC000074,ACORN-H,Comfortable,Std
MAC000137,ACORN-H,Comfortable,Std
MAC005135,ACORN-H,Comfortable,Std
MAC000124,ACORN-H,Comfortable,ToU
MAC004206,ACORN-H,Comfortable,ToU
MAC004147,ACORN-H,Comfortable,Std
MAC004322,ACORN-H,Comfortable,Std
MAC003298,ACORN-H,Comfortable,ToU
MAC003308,ACORN-H,Comfortable,ToU
MAC001858,ACORN-H,Comfortable,ToU
MAC004326,ACORN-H,Comfortable,Std
MAC003331,ACORN-H,Comfortable,ToU
MAC004501,ACORN-H,Comfortable,Std
MAC000008,ACORN-H,Comfortable,Std
MAC002476,ACORN-H,Comfortable,ToU
MAC005141,ACORN-H,Comfortable,Std
MAC004297,ACORN-H,Comfortable,Std
MAC003145,ACORN-H,Comfortable,ToU
MAC004782,ACORN-H,Comfortable,Std
MAC003170,ACORN-H,Comfortable,ToU
MAC003198,ACORN-H,Comfortable,ToU
MAC000062,ACORN-H,Comfortable,Std
MAC000093,ACORN-H,Comfortable,Std
MAC000611,ACORN-H,Comfortable,ToU
MAC004801,ACORN-H,Comfortable,Std
MAC005164,ACORN-H,Comfortable,ToU
MAC002491,ACORN-H,Comfortable,ToU
MAC004807,ACORN-H,Comfortable,Std
MAC003256,ACORN-H,Comfortable,ToU
MAC005151,ACORN-H,Comfortable,Std
MAC005143,ACORN-H,Comfortable,Std
MAC000059,ACORN-H,Comfortable,Std
MAC004823,ACORN-H,Comfortable,Std
MAC004264,ACORN-H,Comfortable,ToU
MAC000158,ACORN-H,Comfortable,ToU
MAC003334,ACORN-H,Comfortable,ToU
MAC001645,ACORN-H,Comfortable,ToU
MAC003494,ACORN-H,Comfortable,Std
MAC002388,ACORN-H,Comfortable,Std
MAC002401,ACORN-H,Comfortable,Std
MAC003514,ACORN-H,Comfortable,Std
MAC003515,ACORN-H,Comfortable,Std
MAC001088,ACORN-H,Comfortable,Std
MAC001093,ACORN-H,Comfortable,Std
MAC000685,ACORN-H,Comfortable,Std
MAC000682,ACORN-H,Comfortable,Std
MAC003527,ACORN-H,Comfortable,Std
MAC003529,ACORN-H,Comfortable,Std
MAC003532,ACORN-H,Comfortable,Std
MAC003540,ACORN-H,Comfortable,Std
MAC003091,ACORN-H,Comfortable,Std
MAC003551,ACORN-H,Comfortable,Std
MAC003561,ACORN-H,Comfortable,Std
MAC002354,ACORN-H,Comfortable,Std
MAC003567,ACORN-H,Comfortable,Std
MAC003570,ACORN-H,Comfortable,Std
MAC003573,ACORN-H,Comfortable,Std
MAC002323,ACORN-H,Comfortable,Std
MAC000638,ACORN-H,Comfortable,Std
MAC002312,ACORN-H,Comfortable,Std
MAC002309,ACORN-H,Comfortable,Std
MAC003583,ACORN-H,Comfortable,Std
MAC001076,ACORN-H,Comfortable,Std
MAC002411,ACORN-H,Comfortable,Std
MAC002420,ACORN-H,Comfortable,Std
MAC003432,ACORN-H,Comfortable,Std
MAC002591,ACORN-H,Comfortable,Std
MAC002561,ACORN-H,Comfortable,Std
MAC000736,ACORN-H,Comfortable,Std
MAC002544,ACORN-H,Comfortable,Std
MAC003450,ACORN-H,Comfortable,Std
MAC000723,ACORN-H,Comfortable,Std
MAC003453,ACORN-H,Comfortable,Std
MAC003456,ACORN-H,Comfortable,Std
MAC003457,ACORN-H,Comfortable,Std
MAC003585,ACORN-H,Comfortable,Std
MAC002526,ACORN-H,Comfortable,Std
MAC002493,ACORN-H,Comfortable,Std
MAC003469,ACORN-H,Comfortable,Std
MAC003473,ACORN-H,Comfortable,Std
MAC003477,ACORN-H,Comfortable,Std
MAC003488,ACORN-H,Comfortable,Std
MAC003490,ACORN-H,Comfortable,Std
MAC002437,ACORN-H,Comfortable,Std
MAC000382,ACORN-H,Comfortable,Std
MAC003493,ACORN-H,Comfortable,Std
MAC003495,ACORN-H,Comfortable,Std
MAC002515,ACORN-H,Comfortable,Std
MAC001120,ACORN-H,Comfortable,Std
MAC003591,ACORN-H,Comfortable,Std
MAC003595,ACORN-H,Comfortable,Std
MAC000578,ACORN-H,Comfortable,Std
MAC002123,ACORN-H,Comfortable,Std
MAC002115,ACORN-H,Comfortable,Std
MAC003678,ACORN-H,Comfortable,Std
MAC003685,ACORN-H,Comfortable,Std
MAC003690,ACORN-H,Comfortable,Std
MAC002095,ACORN-H,Comfortable,Std
MAC003696,ACORN-H,Comfortable,Std
MAC003697,ACORN-H,Comfortable,Std
MAC003699,ACORN-H,Comfortable,Std
MAC002081,ACORN-H,Comfortable,Std
MAC003670,ACORN-H,Comfortable,Std
MAC003701,ACORN-H,Comfortable,Std
MAC002080,ACORN-H,Comfortable,Std
MAC003712,ACORN-H,Comfortable,Std
MAC002062,ACORN-H,Comfortable,Std
MAC002051,ACORN-H,Comfortable,Std
MAC003715,ACORN-H,Comfortable,Std
MAC002049,ACORN-H,Comfortable,Std
MAC003720,ACORN-H,Comfortable,Std
MAC002048,ACORN-H,Comfortable,Std
MAC003732,ACORN-H,Comfortable,Std
MAC003743,ACORN-H,Comfortable,Std
MAC001220,ACORN-H,Comfortable,Std
MAC003702,ACORN-H,Comfortable,Std
MAC003426,ACORN-H,Comfortable,Std
MAC003659,ACORN-H,Comfortable,Std
MAC003655,ACORN-H,Comfortable,Std
MAC002279,ACORN-H,Comfortable,Std
MAC003599,ACORN-H,Comfortable,Std
MAC003602,ACORN-H,Comfortable,Std
MAC002263,ACORN-H,Comfortable,Std
MAC003610,ACORN-H,Comfortable,Std
MAC003611,ACORN-H,Comfortable,Std
MAC003614,ACORN-H,Comfortable,Std
MAC003615,ACORN-H,Comfortable,Std
MAC000614,ACORN-H,Comfortable,Std
MAC002256,ACORN-H,Comfortable,Std
MAC002252,ACORN-H,Comfortable,Std
MAC003658,ACORN-H,Comfortable,Std
MAC001151,ACORN-H,Comfortable,Std
MAC003625,ACORN-H,Comfortable,Std
MAC001155,ACORN-H,Comfortable,Std
MAC003633,ACORN-H,Comfortable,Std
MAC003635,ACORN-H,Comfortable,Std
MAC002198,ACORN-H,Comfortable,Std
MAC000589,ACORN-H,Comfortable,Std
MAC001171,ACORN-H,Comfortable,Std
MAC000588,ACORN-H,Comfortable,Std
MAC003650,ACORN-H,Comfortable,Std
MAC003653,ACORN-H,Comfortable,Std
MAC002239,ACORN-H,Comfortable,Std
MAC003750,ACORN-H,Comfortable,Std
MAC002592,ACORN-H,Comfortable,Std
MAC003417,ACORN-H,Comfortable,Std
MAC000907,ACORN-H,Comfortable,Std
MAC000908,ACORN-H,Comfortable,Std
MAC003216,ACORN-H,Comfortable,Std
MAC003219,ACORN-H,Comfortable,Std
MAC003222,ACORN-H,Comfortable,Std
MAC000272,ACORN-H,Comfortable,Std
MAC000914,ACORN-H,Comfortable,Std
MAC002962,ACORN-H,Comfortable,Std
MAC003236,ACORN-H,Comfortable,Std
MAC003237,ACORN-H,Comfortable,Std
MAC003240,ACORN-H,Comfortable,Std
MAC003241,ACORN-H,Comfortable,Std
MAC000927,ACORN-H,Comfortable,Std
MAC002923,ACORN-H,Comfortable,Std
MAC003250,ACORN-H,Comfortable,Std
MAC002912,ACORN-H,Comfortable,Std
MAC002908,ACORN-H,Comfortable,Std
MAC000809,ACORN-H,Comfortable,Std
MAC002889,ACORN-H,Comfortable,Std
MAC003261,ACORN-H,Comfortable,Std
MAC003264,ACORN-H,Comfortable,Std
MAC000955,ACORN-H,Comfortable,Std
MAC003271,ACORN-H,Comfortable,Std
MAC003210,ACORN-H,Comfortable,Std
MAC003208,ACORN-H,Comfortable,Std
MAC002999,ACORN-H,Comfortable,Std
MAC003206,ACORN-H,Comfortable,Std
MAC003095,ACORN-H,Comfortable,Std
MAC003081,ACORN-H,Comfortable,Std
MAC003077,ACORN-H,Comfortable,Std
MAC000375,ACORN-H,Comfortable,Std
MAC003119,ACORN-H,Comfortable,Std
MAC000844,ACORN-H,Comfortable,Std
MAC003128,ACORN-H,Comfortable,Std
MAC000862,ACORN-H,Comfortable,Std
MAC003133,ACORN-H,Comfortable,Std
MAC003142,ACORN-H,Comfortable,Std
MAC003051,ACORN-H,Comfortable,Std
MAC003279,ACORN-H,Comfortable,Std
MAC003154,ACORN-H,Comfortable,Std
MAC003171,ACORN-H,Comfortable,Std
MAC000882,ACORN-H,Comfortable,Std
MAC003183,ACORN-H,Comfortable,Std
MAC003188,ACORN-H,Comfortable,Std
MAC001444,ACORN-H,Comfortable,Std
MAC003190,ACORN-H,Comfortable,Std
MAC003012,ACORN-H,Comfortable,Std
MAC003195,ACORN-H,Comfortable,Std
MAC003002,ACORN-H,Comfortable,Std
MAC003000,ACORN-H,Comfortable,Std
MAC000899,ACORN-H,Comfortable,Std
MAC003041,ACORN-H,Comfortable,Std
MAC000294,ACORN-H,Comfortable,Std
MAC003284,ACORN-H,Comfortable,Std
MAC002849,ACORN-H,Comfortable,Std
MAC000773,ACORN-H,Comfortable,Std
MAC002721,ACORN-H,Comfortable,Std
MAC003352,ACORN-H,Comfortable,Std
MAC003354,ACORN-H,Comfortable,Std
MAC002704,ACORN-H,Comfortable,Std
MAC001009,ACORN-H,Comfortable,Std
MAC003375,ACORN-H,Comfortable,Std
MAC002688,ACORN-H,Comfortable,Std
MAC002669,ACORN-H,Comfortable,Std
MAC003382,ACORN-H,Comfortable,Std
MAC002658,ACORN-H,Comfortable,Std
MAC002749,ACORN-H,Comfortable,Std
MAC003389,ACORN-H,Comfortable,Std
MAC003395,ACORN-H,Comfortable,Std
MAC002654,ACORN-H,Comfortable,Std
MAC003404,ACORN-H,Comfortable,Std
MAC003405,ACORN-H,Comfortable,Std
MAC003406,ACORN-H,Comfortable,Std
MAC002631,ACORN-H,Comfortable,Std
MAC003408,ACORN-H,Comfortable,Std
MAC000381,ACORN-H,Comfortable,Std
MAC001044,ACORN-H,Comfortable,Std
MAC002612,ACORN-H,Comfortable,Std
MAC000239,ACORN-H,Comfortable,Std
MAC003421,ACORN-H,Comfortable,Std
MAC002763,ACORN-H,Comfortable,Std
MAC003330,ACORN-H,Comfortable,Std
MAC002844,ACORN-H,Comfortable,Std
MAC003292,ACORN-H,Comfortable,Std
MAC000800,ACORN-H,Comfortable,Std
MAC003293,ACORN-H,Comfortable,Std
MAC003294,ACORN-H,Comfortable,Std
MAC000966,ACORN-H,Comfortable,Std
MAC000254,ACORN-H,Comfortable,Std
MAC002828,ACORN-H,Comfortable,Std
MAC003306,ACORN-H,Comfortable,Std
MAC002822,ACORN-H,Comfortable,Std
MAC003314,ACORN-H,Comfortable,Std
MAC003340,ACORN-H,Comfortable,Std
MAC000995,ACORN-H,Comfortable,Std
MAC000251,ACORN-H,Comfortable,Std
MAC003320,ACORN-H,Comfortable,Std
MAC002788,ACORN-H,Comfortable,Std
MAC003322,ACORN-H,Comfortable,Std
MAC003323,ACORN-H,Comfortable,Std
MAC003324,ACORN-H,Comfortable,Std
MAC002780,ACORN-H,Comfortable,Std
MAC000784,ACORN-H,Comfortable,Std
MAC003327,ACORN-H,Comfortable,Std
MAC002776,ACORN-H,Comfortable,Std
MAC000998,ACORN-H,Comfortable,Std
MAC003318,ACORN-H,Comfortable,Std
MAC002020,ACORN-H,Comfortable,Std
MAC003085,ACORN-H,Comfortable,Std
MAC003917,ACORN-H,Comfortable,Std
MAC001749,ACORN-H,Comfortable,Std
MAC003815,ACORN-H,Comfortable,Std
MAC001288,ACORN-H,Comfortable,Std
MAC000533,ACORN-H,Comfortable,Std
MAC003801,ACORN-H,Comfortable,Std
MAC001719,ACORN-H,Comfortable,Std
MAC003925,ACORN-H,Comfortable,Std
MAC001317,ACORN-H,Comfortable,Std
MAC003784,ACORN-H,Comfortable,Std
MAC003926,ACORN-H,Comfortable,Std
MAC000340,ACORN-H,Comfortable,Std
MAC000341,ACORN-H,Comfortable,Std
MAC003806,ACORN-H,Comfortable,Std
MAC003930,ACORN-H,Comfortable,Std
MAC003867,ACORN-H,Comfortable,Std
MAC003839,ACORN-H,Comfortable,Std
MAC003842,ACORN-H,Comfortable,Std
MAC003855,ACORN-H,Comfortable,Std
MAC003896,ACORN-H,Comfortable,Std
MAC001261,ACORN-H,Comfortable,Std
MAC003795,ACORN-H,Comfortable,Std
MAC003873,ACORN-H,Comfortable,Std
MAC003875,ACORN-H,Comfortable,Std
MAC001302,ACORN-H,Comfortable,Std
MAC001306,ACORN-H,Comfortable,Std
MAC003878,ACORN-H,Comfortable,Std
MAC003794,ACORN-H,Comfortable,Std
MAC003879,ACORN-H,Comfortable,Std
MAC000394,ACORN-H,Comfortable,Std
MAC001295,ACORN-H,Comfortable,Std
MAC002004,ACORN-H,Comfortable,Std
MAC003859,ACORN-H,Comfortable,Std
MAC003882,ACORN-H,Comfortable,Std
MAC000547,ACORN-H,Comfortable,Std
MAC000498,ACORN-H,Comfortable,Std
MAC003857,ACORN-H,Comfortable,Std
MAC003888,ACORN-H,Comfortable,Std
MAC001356,ACORN-H,Comfortable,Std
MAC000452,ACORN-H,Comfortable,Std
MAC001679,ACORN-H,Comfortable,Std
MAC001357,ACORN-H,Comfortable,Std
MAC003833,ACORN-H,Comfortable,Std
MAC001233,ACORN-H,Comfortable,Std
MAC001507,ACORN-H,Comfortable,Std
MAC001497,ACORN-H,Comfortable,Std
MAC001494,ACORN-H,Comfortable,Std
MAC003812,ACORN-H,Comfortable,Std
MAC003759,ACORN-H,Comfortable,Std
MAC001891,ACORN-H,Comfortable,Std
MAC004048,ACORN-H,Comfortable,Std
MAC001462,ACORN-H,Comfortable,Std
MAC001453,ACORN-H,Comfortable,Std
MAC003832,ACORN-H,Comfortable,Std
MAC001991,ACORN-H,Comfortable,Std
MAC001996,ACORN-H,Comfortable,Std
MAC003754,ACORN-H,Comfortable,Std
MAC000405,ACORN-H,Comfortable,Std
MAC003959,ACORN-H,Comfortable,Std
MAC001975,ACORN-H,Comfortable,Std
MAC003834,ACORN-H,Comfortable,Std
MAC001408,ACORN-H,Comfortable,Std
MAC003969,ACORN-H,Comfortable,Std
MAC000554,ACORN-H,Comfortable,Std
MAC001859,ACORN-H,Comfortable,Std
MAC001618,ACORN-H,Comfortable,Std
MAC003986,ACORN-H,Comfortable,Std
MAC000446,ACORN-H,Comfortable,Std
MAC001525,ACORN-H,Comfortable,Std
MAC004002,ACORN-H,Comfortable,Std
MAC001591,ACORN-H,Comfortable,Std
MAC003768,ACORN-H,Comfortable,Std
MAC000360,ACORN-H,Comfortable,Std
MAC003809,ACORN-H,Comfortable,Std
MAC001399,ACORN-H,Comfortable,Std
MAC001272,ACORN-H,Comfortable,Std
MAC001240,ACORN-H,Comfortable,Std
MAC003866,ACORN-H,Comfortable,Std
MAC003430,ACORN-I,Comfortable,ToU
MAC003547,ACORN-I,Comfortable,Std
MAC005450,ACORN-I,Comfortable,Std
MAC003501,ACORN-I,Comfortable,Std
MAC003864,ACORN-I,Comfortable,Std
MAC001875,ACORN-I,Comfortable,Std
MAC001292,ACORN-I,Comfortable,Std
MAC003440,ACORN-I,Comfortable,Std
MAC003454,ACORN-I,Comfortable,Std
MAC000854,ACORN-I,Comfortable,Std
MAC001446,ACORN-I,Comfortable,Std
MAC003176,ACORN-I,Comfortable,Std
MAC003186,ACORN-I,Comfortable,Std
MAC004960,ACORN-I,Comfortable,Std
MAC000833,ACORN-I,Comfortable,Std
MAC000824,ACORN-I,Comfortable,Std
MAC000909,ACORN-I,Comfortable,Std
MAC003248,ACORN-I,Comfortable,Std
MAC001865,ACORN-I,Comfortable,ToU
MAC002796,ACORN-I,Comfortable,Std
MAC003915,ACORN-I,Comfortable,ToU
MAC002468,ACORN-I,Comfortable,Std
MAC001697,ACORN-I,Comfortable,Std
MAC002745,ACORN-I,Comfortable,Std
MAC003892,ACORN-I,Comfortable,ToU
MAC001740,ACORN-I,Comfortable,Std
MAC002714,ACORN-I,Comfortable,Std
MAC004754,ACORN-I,Comfortable,Std
MAC000492,ACORN-I,Comfortable,Std
MAC001538,ACORN-I,Comfortable,ToU
MAC002565,ACORN-I,Comfortable,Std
MAC003881,ACORN-I,Comfortable,Std
MAC000726,ACORN-I,Comfortable,Std
MAC002540,ACORN-I,Comfortable,Std
MAC003447,ACORN-I,Comfortable,Std
MAC003601,ACORN-I,Comfortable,Std
MAC003425,ACORN-I,Comfortable,ToU
MAC001259,ACORN-I,Comfortable,Std
MAC003803,ACORN-I,Comfortable,Std
MAC002197,ACORN-I,Comfortable,Std
MAC000406,ACORN-I,Comfortable,ToU
MAC004344,ACORN-I,Comfortable,Std
MAC003799,ACORN-I,Comfortable,Std
MAC005059,ACORN-I,Comfortable,ToU
MAC004397,ACORN-I,Comfortable,Std
MAC003774,ACORN-I,Comfortable,Std
MAC004401,ACORN-I,Comfortable,Std
MAC002235,ACORN-I,Comfortable,Std
MAC000885,ACORN-J,Comfortable,Std
MAC003245,ACORN-J,Comfortable,ToU
MAC004785,ACORN-J,Comfortable,Std
MAC000027,ACORN-J,Comfortable,Std
MAC000512,ACORN-J,Comfortable,ToU
MAC003356,ACORN-J,Comfortable,Std
MAC003361,ACORN-J,Comfortable,Std
MAC003367,ACORN-J,Comfortable,Std
MAC001900,ACORN-J,Comfortable,Std
MAC003025,ACORN-J,Comfortable,Std
MAC003858,ACORN-J,Comfortable,Std
MAC003751,ACORN-J,Comfortable,Std
MAC004980,ACORN-J,Comfortable,Std
MAC001688,ACORN-J,Comfortable,ToU
MAC004983,ACORN-J,Comfortable,Std
MAC005485,ACORN-J,Comfortable,Std
MAC003507,ACORN-J,Comfortable,Std
MAC000520,ACORN-J,Comfortable,Std
MAC000876,ACORN-J,Comfortable,Std
MAC005494,ACORN-J,Comfortable,Std
MAC003344,ACORN-J,Comfortable,Std
MAC002127,ACORN-J,Comfortable,Std
MAC003341,ACORN-J,Comfortable,Std
MAC001250,ACORN-J,Comfortable,Std
MAC003846,ACORN-J,Comfortable,Std
MAC004639,ACORN-J,Comfortable,ToU
MAC000108,ACORN-J,Comfortable,Std
MAC004596,ACORN-J,Comfortable,Std
MAC004506,ACORN-J,Comfortable,ToU
MAC000020,ACORN-J,Comfortable,Std
MAC000620,ACORN-J,Comfortable,ToU
MAC003791,ACORN-J,Comfortable,Std
MAC004314,ACORN-J,Comfortable,Std
MAC003180,ACORN-J,Comfortable,ToU
MAC003200,ACORN-J,Comfortable,Std
MAC002981,ACORN-J,Comfortable,Std
MAC003214,ACORN-J,Comfortable,Std
MAC005522,ACORN-J,Comfortable,ToU
MAC003213,ACORN-J,Comfortable,Std
MAC001172,ACORN-J,Comfortable,Std
MAC001531,ACORN-J,Comfortable,Std
MAC002624,ACORN-J,Comfortable,Std
MAC001915,ACORN-J,Comfortable,Std
MAC002610,ACORN-J,Comfortable,Std
MAC001559,ACORN-J,Comfortable,ToU
MAC004689,ACORN-J,Comfortable,ToU
MAC003371,ACORN-J,Comfortable,Std
MAC003666,ACORN-J,Comfortable,ToU
MAC003446,ACORN-J,Comfortable,Std
MAC003238,ACORN-J,Comfortable,ToU
MAC004149,ACORN-J,Comfortable,ToU
MAC005495,ACORN-J,Comfortable,ToU
MAC003788,ACORN-J,Comfortable,ToU
MAC003877,ACORN-J,Comfortable,Std
MAC000584,ACORN-J,Comfortable,ToU
MAC003721,ACORN-J,Comfortable,Std
MAC003151,ACORN-J,Comfortable,ToU
MAC002732,ACORN-J,Comfortable,ToU
MAC001568,ACORN-J,Comfortable,Std
MAC003661,ACORN-J,Comfortable,ToU
MAC002868,ACORN-J,Comfortable,ToU
MAC001263,ACORN-J,Comfortable,Std
MAC001605,ACORN-J,Comfortable,Std
MAC003410,ACORN-J,Comfortable,Std
MAC003329,ACORN-J,Comfortable,Std
MAC000807,ACORN-J,Comfortable,Std
MAC000793,ACORN-J,Comfortable,Std
MAC005247,ACORN-J,Comfortable,Std
MAC000987,ACORN-J,Comfortable,Std
MAC004897,ACORN-J,Comfortable,Std
MAC003739,ACORN-J,Comfortable,Std
MAC000071,ACORN-J,Comfortable,ToU
MAC004120,ACORN-J,Comfortable,Std
MAC003568,ACORN-J,Comfortable,Std
MAC005051,ACORN-J,Comfortable,Std
MAC003973,ACORN-J,Comfortable,ToU
MAC003309,ACORN-J,Comfortable,Std
MAC001634,ACORN-J,Comfortable,Std
MAC000805,ACORN-J,Comfortable,ToU
MAC002303,ACORN-J,Comfortable,Std
MAC003269,ACORN-J,Comfortable,ToU
MAC003337,ACORN-J,Comfortable,ToU
MAC000970,ACORN-J,Comfortable,Std
MAC003582,ACORN-J,Comfortable,Std
MAC004058,ACORN-J,Comfortable,Std
MAC001369,ACORN-J,Comfortable,ToU
MAC001814,ACORN-J,Comfortable,ToU
MAC003053,ACORN-J,Comfortable,Std
MAC001846,ACORN-J,Comfortable,Std
MAC000846,ACORN-J,Comfortable,Std
MAC004903,ACORN-J,Comfortable,Std
MAC000083,ACORN-J,Comfortable,Std
MAC003285,ACORN-J,Comfortable,ToU
MAC000668,ACORN-J,Comfortable,Std
MAC005216,ACORN-J,Comfortable,Std
MAC004902,ACORN-J,Comfortable,Std
MAC005534,ACORN-J,Comfortable,Std
MAC003778,ACORN-J,Comfortable,Std
MAC002284,ACORN-J,Comfortable,Std
MAC004244,ACORN-J,Comfortable,Std
MAC003802,ACORN-J,Comfortable,Std
MAC003461,ACORN-J,Comfortable,ToU
MAC002273,ACORN-J,Comfortable,Std
MAC004901,ACORN-J,Comfortable,Std
MAC001246,ACORN-J,Comfortable,ToU
MAC002883,ACORN-K,Adversity,Std
MAC002657,ACORN-K,Adversity,Std
MAC001195,ACORN-K,Adversity,Std
MAC000802,ACORN-K,Adversity,Std
MAC002655,ACORN-K,Adversity,Std
MAC004742,ACORN-K,Adversity,Std
MAC003165,ACORN-K,Adversity,ToU
MAC004878,ACORN-K,Adversity,Std
MAC002843,ACORN-K,Adversity,Std
MAC002111,ACORN-K,Adversity,ToU
MAC000912,ACORN-K,Adversity,Std
MAC002637,ACORN-K,Adversity,Std
MAC000258,ACORN-K,Adversity,Std
MAC004729,ACORN-K,Adversity,Std
MAC004186,ACORN-K,Adversity,Std
MAC001578,ACORN-K,Adversity,Std
MAC004131,ACORN-K,Adversity,Std
MAC001929,ACORN-K,Adversity,Std
MAC004724,ACORN-K,Adversity,Std
MAC000255,ACORN-K,Adversity,Std
MAC000806,ACORN-K,Adversity,Std
MAC001774,ACORN-K,Adversity,Std
MAC002484,ACORN-K,Adversity,ToU
MAC005119,ACORN-K,Adversity,Std
MAC002892,ACORN-K,Adversity,Std
MAC000267,ACORN-K,Adversity,Std
MAC003990,ACORN-K,Adversity,Std
MAC001746,ACORN-K,Adversity,Std
MAC000574,ACORN-K,Adversity,Std
MAC004831,ACORN-K,Adversity,Std
MAC004787,ACORN-K,Adversity,Std
MAC000925,ACORN-K,Adversity,Std
MAC002782,ACORN-K,Adversity,Std
MAC004792,ACORN-K,Adversity,Std
MAC000552,ACORN-K,Adversity,Std
MAC000687,ACORN-K,Adversity,ToU
MAC002085,ACORN-K,Adversity,Std
MAC005168,ACORN-K,Adversity,Std
MAC001770,ACORN-K,Adversity,ToU
MAC001681,ACORN-K,Adversity,Std
MAC000202,ACORN-K,Adversity,Std
MAC001927,ACORN-K,Adversity,Std
MAC001923,ACORN-K,Adversity,Std
MAC000130,ACORN-K,Adversity,Std
MAC005449,ACORN-K,Adversity,ToU
MAC000440,ACORN-K,Adversity,Std
MAC001967,ACORN-K,Adversity,Std
MAC001581,ACORN-K,Adversity,Std
MAC000811,ACORN-K,Adversity,Std
MAC004853,ACORN-K,Adversity,Std
MAC002664,ACORN-K,Adversity,Std
MAC001178,ACORN-K,Adversity,Std
MAC000343,ACORN-K,Adversity,Std
MAC002961,ACORN-K,Adversity,Std
MAC000751,ACORN-K,Adversity,ToU
MAC004763,ACORN-K,Adversity,Std
MAC001666,ACORN-K,Adversity,Std
MAC002952,ACORN-K,Adversity,Std
MAC004172,ACORN-K,Adversity,Std
MAC004772,ACORN-K,Adversity,Std
MAC001397,ACORN-K,Adversity,Std
MAC000081,ACORN-K,Adversity,Std
MAC000761,ACORN-K,Adversity,Std
MAC004141,ACORN-K,Adversity,Std
MAC002742,ACORN-K,Adversity,Std
MAC000734,ACORN-K,Adversity,Std
MAC000532,ACORN-K,Adversity,Std
MAC005530,ACORN-K,Adversity,Std
MAC003048,ACORN-K,Adversity,Std
MAC003149,ACORN-K,Adversity,Std
MAC004240,ACORN-K,Adversity,Std
MAC000566,ACORN-K,Adversity,Std
MAC005518,ACORN-K,Adversity,Std
MAC000195,ACORN-K,Adversity,ToU
MAC005512,ACORN-K,Adversity,Std
MAC003162,ACORN-K,Adversity,Std
MAC001309,ACORN-K,Adversity,Std
MAC004241,ACORN-K,Adversity,Std
MAC000872,ACORN-K,Adversity,Std
MAC000013,ACORN-K,Adversity,Std
MAC002848,ACORN-K,Adversity,ToU
MAC001336,ACORN-K,Adversity,ToU
MAC000401,ACORN-K,Adversity,ToU
MAC000623,ACORN-K,Adversity,Std
MAC000881,ACORN-K,Adversity,Std
MAC005484,ACORN-K,Adversity,Std
MAC001486,ACORN-K,Adversity,Std
MAC005476,ACORN-K,Adversity,Std
MAC001085,ACORN-K,Adversity,Std
MAC002295,ACORN-K,Adversity,Std
MAC001286,ACORN-K,Adversity,Std
MAC002373,ACORN-K,Adversity,Std
MAC004464,ACORN-K,Adversity,Std
MAC003076,ACORN-K,Adversity,Std
MAC002291,ACORN-K,Adversity,ToU
MAC002262,ACORN-K,Adversity,Std
MAC003841,ACORN-K,Adversity,Std
MAC004077,ACORN-K,Adversity,Std
MAC002316,ACORN-K,Adversity,Std
MAC004250,ACORN-K,Adversity,Std
MAC000867,ACORN-K,Adversity,Std
MAC003144,ACORN-K,Adversity,Std
MAC000281,ACORN-K,Adversity,Std
MAC000842,ACORN-K,Adversity,Std
MAC001104,ACORN-K,Adversity,Std
MAC000660,ACORN-K,Adversity,Std
MAC001868,ACORN-K,Adversity,Std
MAC004546,ACORN-K,Adversity,Std
MAC004508,ACORN-K,Adversity,Std
MAC002368,ACORN-K,Adversity,Std
MAC000664,ACORN-K,Adversity,Std
MAC002371,ACORN-K,Adversity,Std
MAC001467,ACORN-K,Adversity,Std
MAC005016,ACORN-K,Adversity,Std
MAC000055,ACORN-K,Adversity,Std
MAC004603,ACORN-K,Adversity,Std
MAC002232,ACORN-K,Adversity,ToU
MAC001415,ACORN-K,Adversity,Std
MAC002412,ACORN-K,Adversity,Std
MAC001225,ACORN-K,Adversity,Std
MAC001054,ACORN-K,Adversity,Std
MAC001505,ACORN-K,Adversity,ToU
MAC000230,ACORN-K,Adversity,Std
MAC000621,ACORN-K,Adversity,Std
MAC000123,ACORN-K,Adversity,Std
MAC004719,ACORN-K,Adversity,ToU
MAC001888,ACORN-K,Adversity,Std
MAC000852,ACORN-K,Adversity,Std
MAC001799,ACORN-K,Adversity,Std
MAC004692,ACORN-K,Adversity,Std
MAC003764,ACORN-K,Adversity,Std
MAC000019,ACORN-K,Adversity,Std
MAC004696,ACORN-K,Adversity,Std
MAC000832,ACORN-K,Adversity,Std
MAC002996,ACORN-K,Adversity,Std
MAC000827,ACORN-K,Adversity,Std
MAC000290,ACORN-K,Adversity,ToU
MAC000858,ACORN-K,Adversity,Std
MAC005549,ACORN-K,Adversity,ToU
MAC002524,ACORN-K,Adversity,Std
MAC000601,ACORN-K,Adversity,Std
MAC002440,ACORN-K,Adversity,Std
MAC000720,ACORN-K,Adversity,Std
MAC001126,ACORN-K,Adversity,Std
MAC001493,ACORN-K,Adversity,Std
MAC003861,ACORN-K,Adversity,Std
MAC000924,ACORN-K,Adversity,ToU
MAC002861,ACORN-K,Adversity,ToU
MAC002467,ACORN-K,Adversity,Std
MAC001986,ACORN-K,Adversity,Std
MAC003015,ACORN-K,Adversity,Std
MAC001068,ACORN-K,Adversity,Std
MAC001063,ACORN-K,Adversity,Std
MAC002194,ACORN-K,Adversity,Std
MAC000582,ACORN-K,Adversity,ToU
MAC001061,ACORN-K,Adversity,Std
MAC000515,ACORN-K,Adversity,Std
MAC000953,ACORN-L,Adversity,Std
MAC002013,ACORN-L,Adversity,ToU
MAC005193,ACORN-L,Adversity,Std
MAC000801,ACORN-L,Adversity,ToU
MAC002041,ACORN-L,Adversity,Std
MAC000068,ACORN-L,Adversity,Std
MAC003079,ACORN-L,Adversity,Std
MAC002346,ACORN-L,Adversity,ToU
MAC002038,ACORN-L,Adversity,Std
MAC001057,ACORN-L,Adversity,ToU
MAC000865,ACORN-L,Adversity,Std
MAC003019,ACORN-L,Adversity,ToU
MAC003049,ACORN-L,Adversity,ToU
MAC001520,ACORN-L,Adversity,Std
MAC001511,ACORN-L,Adversity,Std
MAC002490,ACORN-L,Adversity,ToU
MAC000373,ACORN-L,Adversity,Std
MAC002079,ACORN-L,Adversity,Std
MAC003008,ACORN-L,Adversity,Std
MAC000893,ACORN-L,Adversity,Std
MAC001567,ACORN-L,Adversity,Std
MAC001981,ACORN-L,Adversity,Std
MAC002900,ACORN-L,Adversity,Std
MAC004234,ACORN-L,Adversity,ToU
MAC005144,ACORN-L,Adversity,Std
MAC001423,ACORN-L,Adversity,Std
MAC001588,ACORN-L,Adversity,Std
MAC001945,ACORN-L,Adversity,Std
MAC005079,ACORN-L,Adversity,Std
MAC001474,ACORN-L,Adversity,Std
MAC000117,ACORN-L,Adversity,Std
MAC001464,ACORN-L,Adversity,Std
MAC004083,ACORN-L,Adversity,ToU
MAC001939,ACORN-L,Adversity,Std
MAC005058,ACORN-L,Adversity,Std
MAC005101,ACORN-L,Adversity,Std
MAC001608,ACORN-L,Adversity,Std
MAC000354,ACORN-L,Adversity,ToU
MAC001942,ACORN-L,Adversity,ToU
MAC002386,ACORN-L,Adversity,Std
MAC003476,ACORN-L,Adversity,ToU
MAC003505,ACORN-L,Adversity,ToU
MAC001417,ACORN-L,Adversity,ToU
MAC003525,ACORN-L,Adversity,ToU
MAC005486,ACORN-L,Adversity,Std
MAC003539,ACORN-L,Adversity,ToU
MAC005478,ACORN-L,Adversity,Std
MAC002212,ACORN-L,Adversity,Std
MAC001159,ACORN-L,Adversity,Std
MAC002414,ACORN-L,Adversity,Std
MAC000101,ACORN-L,Adversity,Std
MAC003541,ACORN-L,Adversity,ToU
MAC002423,ACORN-L,Adversity,Std
MAC002425,ACORN-L,Adversity,Std
MAC002431,ACORN-L,Adversity,Std
MAC005439,ACORN-L,Adversity,Std
MAC005436,ACORN-L,Adversity,Std
MAC001440,ACORN-L,Adversity,ToU
MAC001827,ACORN-L,Adversity,Std
MAC003649,ACORN-L,Adversity,ToU
MAC002192,ACORN-L,Adversity,Std
MAC000590,ACORN-L,Adversity,ToU
MAC002177,ACORN-L,Adversity,Std
MAC000310,ACORN-L,Adversity,Std
MAC003555,ACORN-L,Adversity,ToU
MAC003472,ACORN-L,Adversity,ToU
MAC002377,ACORN-L,Adversity,Std
MAC005548,ACORN-L,Adversity,Std
MAC001882,ACORN-L,Adversity,Std
MAC002845,ACORN-L,Adversity,ToU
MAC000395,ACORN-L,Adversity,ToU
MAC000303,ACORN-L,Adversity,ToU
MAC001127,ACORN-L,Adversity,Std
MAC003315,ACORN-L,Adversity,ToU
MAC001872,ACORN-L,Adversity,Std
MAC003338,ACORN-L,Adversity,ToU
MAC000187,ACORN-L,Adversity,ToU
MAC001864,ACORN-L,Adversity,Std
MAC002337,ACORN-L,Adversity,Std
MAC002342,ACORN-L,Adversity,Std
MAC000106,ACORN-L,Adversity,ToU
MAC001114,ACORN-L,Adversity,Std
MAC002350,ACORN-L,Adversity,Std
MAC000065,ACORN-L,Adversity,ToU
MAC003396,ACORN-L,Adversity,ToU
MAC001113,ACORN-L,Adversity,Std
MAC001112,ACORN-L,Adversity,Std
MAC000014,ACORN-L,Adversity,ToU
MAC001845,ACORN-L,Adversity,Std
MAC003265,ACORN-L,Adversity,ToU
MAC003429,ACORN-L,Adversity,ToU
MAC005561,ACORN-L,Adversity,Std
MAC002367,ACORN-L,Adversity,Std
MAC001909,ACORN-L,Adversity,Std
MAC003669,ACORN-L,Adversity,ToU
MAC002553,ACORN-L,Adversity,Std
MAC003675,ACORN-L,Adversity,ToU
MAC003848,ACORN-L,Adversity,ToU
MAC001006,ACORN-L,Adversity,Std
MAC001742,ACORN-L,Adversity,Std
MAC003862,ACORN-L,Adversity,ToU
MAC003890,ACORN-L,Adversity,ToU
MAC001183,ACORN-L,Adversity,Std
MAC000115,ACORN-L,Adversity,Std
MAC001187,ACORN-L,Adversity,Std
MAC002668,ACORN-L,Adversity,ToU
MAC003911,ACORN-L,Adversity,ToU
MAC003919,ACORN-L,Adversity,ToU
MAC000739,ACORN-L,Adversity,ToU
MAC001341,ACORN-L,Adversity,Std
MAC001677,ACORN-L,Adversity,Std
MAC001823,ACORN-L,Adversity,ToU
MAC001668,ACORN-L,Adversity,Std
MAC002806,ACORN-L,Adversity,Std
MAC000979,ACORN-L,Adversity,Std
MAC002823,ACORN-L,Adversity,Std
MAC002101,ACORN-L,Adversity,Std
MAC002850,ACORN-L,Adversity,Std
MAC000959,ACORN-L,Adversity,Std
MAC002857,ACORN-L,Adversity,Std
MAC001373,ACORN-L,Adversity,Std
MAC002866,ACORN-L,Adversity,Std
MAC001925,ACORN-L,Adversity,ToU
MAC002706,ACORN-L,Adversity,Std
MAC002877,ACORN-L,Adversity,Std
MAC001658,ACORN-L,Adversity,ToU
MAC001324,ACORN-L,Adversity,Std
MAC001307,ACORN-L,Adversity,Std
MAC003178,ACORN-L,Adversity,ToU
MAC001512,ACORN-L,Adversity,ToU
MAC001536,ACORN-L,Adversity,ToU
MAC003175,ACORN-L,Adversity,ToU
MAC003703,ACORN-L,Adversity,ToU
MAC003705,ACORN-L,Adversity,ToU
MAC005371,ACORN-L,Adversity,Std
MAC002722,ACORN-L,Adversity,ToU
MAC003706,ACORN-L,Adversity,ToU
MAC001797,ACORN-L,Adversity,Std
MAC003728,ACORN-L,Adversity,ToU
MAC002701,ACORN-L,Adversity,ToU
MAC005357,ACORN-L,Adversity,Std
MAC001586,ACORN-L,Adversity,ToU
MAC001174,ACORN-L,Adversity,Std
MAC003738,ACORN-L,Adversity,ToU
MAC000038,ACORN-L,Adversity,Std
MAC002643,ACORN-L,Adversity,Std
MAC005338,ACORN-L,Adversity,Std
MAC001597,ACORN-L,Adversity,ToU
MAC001761,ACORN-L,Adversity,Std
MAC002151,ACORN-L,Adversity,Std
MAC001323,ACORN-L,Adversity,Std
MAC003783,ACORN-L,Adversity,ToU
MAC000680,ACORN-L,Adversity,ToU
MAC003277,ACORN-L,Adversity,ToU
MAC003816,ACORN-L,Adversity,ToU
MAC001010,ACORN-L,Adversity,Std
MAC002398,ACORN-L,Adversity,ToU
MAC003576,ACORN-L,Adversity,Std
MAC003300,ACORN-L,Adversity,Std
MAC003838,ACORN-L,Adversity,Std
MAC004626,ACORN-L,Adversity,Std
MAC003491,ACORN-L,Adversity,Std
MAC004248,ACORN-L,Adversity,Std
MAC003765,ACORN-L,Adversity,Std
MAC004847,ACORN-L,Adversity,Std
MAC005102,ACORN-L,Adversity,ToU
MAC003310,ACORN-L,Adversity,Std
MAC003311,ACORN-L,Adversity,Std
MAC003763,ACORN-L,Adversity,Std
MAC004841,ACORN-L,Adversity,Std
MAC003972,ACORN-L,Adversity,Std
MAC003316,ACORN-L,Adversity,Std
MAC000792,ACORN-L,Adversity,Std
MAC000790,ACORN-L,Adversity,Std
MAC004224,ACORN-L,Adversity,Std
MAC003640,ACORN-L,Adversity,Std
MAC003459,ACORN-L,Adversity,Std
MAC000559,ACORN-L,Adversity,Std
MAC000712,ACORN-L,Adversity,Std
MAC003297,ACORN-L,Adversity,Std
MAC003674,ACORN-L,Adversity,Std
MAC003291,ACORN-L,Adversity,Std
MAC004113,ACORN-L,Adversity,Std
MAC000436,ACORN-L,Adversity,Std
MAC003510,ACORN-L,Adversity,Std
MAC003508,ACORN-L,Adversity,Std
MAC004589,ACORN-L,Adversity,Std
MAC004261,ACORN-L,Adversity,Std
MAC004821,ACORN-L,Adversity,ToU
MAC003253,ACORN-L,Adversity,Std
MAC003254,ACORN-L,Adversity,Std
MAC004259,ACORN-L,Adversity,Std
MAC003325,ACORN-L,Adversity,Std
MAC003258,ACORN-L,Adversity,Std
MAC003263,ACORN-L,Adversity,Std
MAC003267,ACORN-L,Adversity,Std
MAC004125,ACORN-L,Adversity,Std
MAC003270,ACORN-L,Adversity,Std
MAC000705,ACORN-L,Adversity,Std
MAC000127,ACORN-L,Adversity,Std
MAC000256,ACORN-L,Adversity,Std
MAC003836,ACORN-L,Adversity,Std
MAC003496,ACORN-L,Adversity,Std
MAC003289,ACORN-L,Adversity,Std
MAC003504,ACORN-L,Adversity,Std
MAC003326,ACORN-L,Adversity,Std
MAC000390,ACORN-L,Adversity,Std
MAC003752,ACORN-L,Adversity,Std
MAC003894,ACORN-L,Adversity,Std
MAC003660,ACORN-L,Adversity,Std
MAC003902,ACORN-L,Adversity,Std
MAC003374,ACORN-L,Adversity,Std
MAC003757,ACORN-L,Adversity,Std
MAC003424,ACORN-L,Adversity,Std
MAC004761,ACORN-L,Adversity,Std
MAC003418,ACORN-L,Adversity,Std
MAC003416,ACORN-L,Adversity,Std
MAC003891,ACORN-L,Adversity,Std
MAC003380,ACORN-L,Adversity,Std
MAC003411,ACORN-L,Adversity,Std
MAC004721,ACORN-L,Adversity,Std
MAC000490,ACORN-L,Adversity,Std
MAC003909,ACORN-L,Adversity,Std
MAC000750,ACORN-L,Adversity,Std
MAC004177,ACORN-L,Adversity,Std
MAC003918,ACORN-L,Adversity,Std
MAC000484,ACORN-L,Adversity,Std
MAC003922,ACORN-L,Adversity,Std
MAC004169,ACORN-L,Adversity,Std
MAC003415,ACORN-L,Adversity,Std
MAC000694,ACORN-L,Adversity,Std
MAC003644,ACORN-L,Adversity,Std
MAC003435,ACORN-L,Adversity,Std
MAC004433,ACORN-L,Adversity,Std
MAC003641,ACORN-L,Adversity,Std
MAC000779,ACORN-L,Adversity,Std
MAC003455,ACORN-L,Adversity,Std
MAC000724,ACORN-L,Adversity,Std
MAC005432,ACORN-L,Adversity,ToU
MAC000731,ACORN-L,Adversity,Std
MAC003443,ACORN-L,Adversity,Std
MAC000466,ACORN-L,Adversity,Std
MAC000592,ACORN-L,Adversity,Std
MAC004640,ACORN-L,Adversity,ToU
MAC000245,ACORN-L,Adversity,Std
MAC003350,ACORN-L,Adversity,Std
MAC004793,ACORN-L,Adversity,Std
MAC004722,ACORN-L,Adversity,ToU
MAC003880,ACORN-L,Adversity,Std
MAC003667,ACORN-L,Adversity,Std
MAC003351,ACORN-L,Adversity,Std
MAC000763,ACORN-L,Adversity,Std
MAC003369,ACORN-L,Adversity,Std
MAC004207,ACORN-L,Adversity,Std
MAC005498,ACORN-L,Adversity,ToU
MAC003688,ACORN-L,Adversity,Std
MAC004576,ACORN-L,Adversity,Std
MAC003164,ACORN-L,Adversity,Std
MAC003574,ACORN-L,Adversity,Std
MAC000608,ACORN-L,Adversity,Std
MAC004042,ACORN-L,Adversity,Std
MAC003172,ACORN-L,Adversity,Std
MAC003569,ACORN-L,Adversity,Std
MAC000573,ACORN-L,Adversity,Std
MAC003565,ACORN-L,Adversity,Std
MAC004036,ACORN-L,Adversity,Std
MAC005529,ACORN-L,Adversity,ToU
MAC003181,ACORN-L,Adversity,Std
MAC003785,ACORN-L,Adversity,Std
MAC003189,ACORN-L,Adversity,Std
MAC003191,ACORN-L,Adversity,Std
MAC003192,ACORN-L,Adversity,Std
MAC003629,ACORN-L,Adversity,Std
MAC004316,ACORN-L,Adversity,Std
MAC003564,ACORN-L,Adversity,Std
MAC004532,ACORN-L,Adversity,Std
MAC004295,ACORN-L,Adversity,Std
MAC004033,ACORN-L,Adversity,Std
MAC000548,ACORN-L,Adversity,Std
MAC004994,ACORN-L,Adversity,Std
MAC000644,ACORN-L,Adversity,Std
MAC000568,ACORN-L,Adversity,Std
MAC003598,ACORN-L,Adversity,Std
MAC003090,ACORN-L,Adversity,Std
MAC003773,ACORN-L,Adversity,Std
MAC003593,ACORN-L,Adversity,Std
MAC003604,ACORN-L,Adversity,Std
MAC004490,ACORN-L,Adversity,Std
MAC003109,ACORN-L,Adversity,Std
MAC005023,ACORN-L,Adversity,ToU
MAC003127,ACORN-L,Adversity,Std
MAC000199,ACORN-L,Adversity,Std
MAC003609,ACORN-L,Adversity,Std
MAC003612,ACORN-L,Adversity,Std
MAC004306,ACORN-L,Adversity,Std
MAC003726,ACORN-L,Adversity,Std
MAC004505,ACORN-L,Adversity,Std
MAC003727,ACORN-L,Adversity,Std
MAC004507,ACORN-L,Adversity,Std
MAC003577,ACORN-L,Adversity,Std
MAC003089,ACORN-L,Adversity,Std
MAC000629,ACORN-L,Adversity,Std
MAC000121,ACORN-L,Adversity,Std
MAC000658,ACORN-L,Adversity,Std
MAC004947,ACORN-L,Adversity,Std
MAC003193,ACORN-L,Adversity,Std
MAC000829,ACORN-L,Adversity,Std
MAC003224,ACORN-L,Adversity,Std
MAC004497,ACORN-L,Adversity,ToU
MAC000670,ACORN-L,Adversity,Std
MAC003698,ACORN-L,Adversity,Std
MAC003526,ACORN-L,Adversity,Std
MAC004566,ACORN-L,Adversity,Std
MAC003233,ACORN-L,Adversity,Std
MAC003533,ACORN-L,Adversity,Std
MAC000009,ACORN-L,Adversity,Std
MAC003692,ACORN-L,Adversity,Std
MAC004273,ACORN-L,Adversity,Std
MAC003821,ACORN-L,Adversity,Std
MAC005157,ACORN-L,Adversity,ToU
MAC003520,ACORN-L,Adversity,Std
MAC003242,ACORN-L,Adversity,Std
MAC000428,ACORN-L,Adversity,Std
MAC003535,ACORN-L,Adversity,Std
MAC003398,ACORN-L,Adversity,Std
MAC000662,ACORN-L,Adversity,Std
MAC003793,ACORN-L,Adversity,Std
MAC003537,ACORN-L,Adversity,Std
MAC000659,ACORN-L,Adversity,Std
MAC003623,ACORN-L,Adversity,Std
MAC000493,ACORN-M,Adversity,Std
MAC002385,ACORN-M,Adversity,Std
MAC003185,ACORN-M,Adversity,ToU
MAC001955,ACORN-M,Adversity,Std
MAC001783,ACORN-M,Adversity,Std
MAC003786,ACORN-M,Adversity,Std
MAC003563,ACORN-M,Adversity,Std
MAC003590,ACORN-M,Adversity,Std
MAC003605,ACORN-M,Adversity,ToU
MAC003620,ACORN-M,Adversity,Std
MAC000111,ACORN-M,Adversity,Std
MAC002178,ACORN-M,Adversity,Std
MAC002223,ACORN-M,Adversity,Std
MAC003517,ACORN-M,Adversity,Std
MAC003402,ACORN-M,Adversity,Std
MAC002396,ACORN-M,Adversity,Std
MAC003523,ACORN-M,Adversity,ToU
MAC005501,ACORN-M,Adversity,Std
MAC003468,ACORN-M,Adversity,Std
MAC003401,ACORN-M,Adversity,Std
MAC002362,ACORN-M,Adversity,Std
MAC003518,ACORN-M,Adversity,Std
MAC002833,ACORN-M,Adversity,ToU
MAC001874,ACORN-M,Adversity,Std
MAC002288,ACORN-M,Adversity,Std
MAC003887,ACORN-M,Adversity,Std
MAC000667,ACORN-M,Adversity,Std
MAC001892,ACORN-M,Adversity,Std
MAC003560,ACORN-M,Adversity,ToU
MAC001059,ACORN-M,Adversity,Std
MAC003458,ACORN-M,Adversity,Std
MAC001095,ACORN-M,Adversity,Std
MAC004524,ACORN-M,Adversity,Std
MAC003448,ACORN-M,Adversity,Std
MAC003624,ACORN-M,Adversity,Std
MAC003498,ACORN-M,Adversity,Std
MAC003550,ACORN-M,Adversity,ToU
MAC003545,ACORN-M,Adversity,ToU
MAC002195,ACORN-M,Adversity,Std
MAC004795,ACORN-M,Adversity,ToU
MAC003575,ACORN-M,Adversity,Std
MAC000674,ACORN-M,Adversity,Std
MAC003622,ACORN-M,Adversity,Std
MAC003618,ACORN-M,Adversity,Std
MAC005472,ACORN-M,Adversity,Std
MAC001804,ACORN-M,Adversity,Std
MAC005475,ACORN-M,Adversity,Std
MAC003543,ACORN-M,Adversity,Std
MAC003471,ACORN-M,Adversity,ToU
MAC003399,ACORN-M,Adversity,ToU
MAC002926,ACORN-M,Adversity,ToU
MAC003500,ACORN-M,Adversity,Std
MAC003360,ACORN-M,Adversity,ToU
MAC001947,ACORN-M,Adversity,Std
MAC004776,ACORN-M,Adversity,Std
MAC002991,ACORN-M,Adversity,Std
MAC003143,ACORN-M,Adversity,Std
MAC003280,ACORN-M,Adversity,Std
MAC005303,ACORN-M,Adversity,Std
MAC004365,ACORN-M,Adversity,Std
MAC000477,ACORN-M,Adversity,Std
MAC003829,ACORN-M,Adversity,ToU
MAC004043,ACORN-M,Adversity,Std
MAC001611,ACORN-M,Adversity,Std
MAC003226,ACORN-M,Adversity,Std
MAC003961,ACORN-M,Adversity,Std
MAC003030,ACORN-M,Adversity,Std
MAC002021,ACORN-M,Adversity,Std
MAC003869,ACORN-M,Adversity,ToU
MAC001619,ACORN-M,Adversity,Std
MAC003749,ACORN-M,Adversity,Std
MAC003251,ACORN-M,Adversity,Std
MAC002760,ACORN-M,Adversity,Std
MAC003179,ACORN-M,Adversity,Std
MAC001355,ACORN-M,Adversity,Std
MAC000923,ACORN-M,Adversity,Std
MAC003199,ACORN-M,Adversity,Std
MAC003194,ACORN-M,Adversity,Std
MAC005434,ACORN-M,Adversity,ToU
MAC002768,ACORN-M,Adversity,Std
MAC004372,ACORN-M,Adversity,Std
MAC001339,ACORN-M,Adversity,Std
MAC003139,ACORN-M,Adversity,Std
MAC003673,ACORN-M,Adversity,Std
MAC002272,ACORN-M,Adversity,Std
MAC003303,ACORN-M,Adversity,Std
MAC002000,ACORN-M,Adversity,Std
MAC001388,ACORN-M,Adversity,Std
MAC003769,ACORN-M,Adversity,ToU
MAC003104,ACORN-M,Adversity,Std
MAC003107,ACORN-M,Adversity,Std
MAC001392,ACORN-M,Adversity,Std
MAC001456,ACORN-M,Adversity,Std
MAC000911,ACORN-M,Adversity,Std
MAC001604,ACORN-M,Adversity,Std
MAC001550,ACORN-M,Adversity,Std
MAC003386,ACORN-M,Adversity,Std
MAC002913,ACORN-M,Adversity,Std
MAC003129,ACORN-M,Adversity,Std
MAC001732,ACORN-M,Adversity,Std
MAC001192,ACORN-M,Adversity,Std
MAC001472,ACORN-M,Adversity,Std
MAC001476,ACORN-M,Adversity,Std
MAC003377,ACORN-M,Adversity,Std
MAC001185,ACORN-M,Adversity,Std
MAC002985,ACORN-M,Adversity,ToU
MAC005312,ACORN-M,Adversity,Std
MAC004865,ACORN-M,Adversity,Std
MAC003227,ACORN-N,Adversity,Std
MAC003467,ACORN-N,Adversity,ToU
MAC005540,ACORN-N,Adversity,Std
MAC004493,ACORN-N,Adversity,ToU
MAC000483,ACORN-N,Adversity,Std
MAC003232,ACORN-N,Adversity,Std
MAC002903,ACORN-N,Adversity,Std
MAC003513,ACORN-N,Adversity,ToU
MAC001593,ACORN-N,Adversity,Std
MAC003249,ACORN-N,Adversity,Std
MAC003243,ACORN-N,Adversity,Std
MAC003824,ACORN-N,Adversity,Std
MAC005511,ACORN-N,Adversity,Std
MAC005166,ACORN-N,Adversity,Std
MAC002975,ACORN-N,Adversity,Std
MAC002216,ACORN-N,Adversity,Std
MAC004103,ACORN-N,Adversity,Std
MAC001285,ACORN-N,Adversity,ToU
MAC000818,ACORN-N,Adversity,Std
MAC003628,ACORN-N,Adversity,Std
MAC001034,ACORN-N,Adversity,ToU
MAC002488,ACORN-N,Adversity,ToU
MAC001555,ACORN-N,Adversity,Std
MAC005544,ACORN-N,Adversity,Std
MAC003203,ACORN-N,Adversity,Std
MAC003798,ACORN-N,Adversity,Std
MAC003781,ACORN-N,Adversity,Std
MAC004309,ACORN-N,Adversity,ToU
MAC001205,ACORN-N,Adversity,Std
MAC001119,ACORN-N,Adversity,Std
MAC001485,ACORN-N,Adversity,Std
MAC002242,ACORN-N,Adversity,ToU
MAC002076,ACORN-N,Adversity,Std
MAC001484,ACORN-N,Adversity,Std
MAC005054,ACORN-N,Adversity,Std
MAC004359,ACORN-N,Adversity,Std
MAC000860,ACORN-N,Adversity,Std
MAC001244,ACORN-N,Adversity,Std
MAC005046,ACORN-N,Adversity,Std
MAC003112,ACORN-N,Adversity,Std
MAC001932,ACORN-N,Adversity,Std
MAC004057,ACORN-N,Adversity,Std
MAC003086,ACORN-N,Adversity,Std
MAC003704,ACORN-N,Adversity,Std
MAC003217,ACORN-N,Adversity,Std
MAC000107,ACORN-N,Adversity,ToU
MAC003026,ACORN-N,Adversity,Std
MAC001551,ACORN-N,Adversity,Std
MAC003215,ACORN-N,Adversity,Std
MAC002369,ACORN-N,Adversity,Std
MAC002147,ACORN-N,Adversity,ToU
MAC001409,ACORN-N,Adversity,Std
MAC004286,ACORN-N,Adversity,Std
MAC005125,ACORN-N,Adversity,Std
MAC003209,ACORN-N,Adversity,Std
MAC004952,ACORN-N,Adversity,ToU
MAC003549,ACORN-N,Adversity,Std
MAC000100,ACORN-N,Adversity,Std
MAC000011,ACORN-N,Adversity,Std
MAC003205,ACORN-N,Adversity,Std
MAC000046,ACORN-N,Adversity,ToU
MAC000067,ACORN-N,Adversity,Std
MAC000913,ACORN-N,Adversity,ToU
MAC001524,ACORN-N,Adversity,Std
MAC005096,ACORN-N,Adversity,Std
MAC000433,ACORN-N,Adversity,ToU
MAC003177,ACORN-N,Adversity,Std
MAC005085,ACORN-N,Adversity,ToU
MAC001607,ACORN-N,Adversity,Std
MAC004265,ACORN-N,Adversity,Std
MAC001340,ACORN-N,Adversity,Std
MAC003437,ACORN-N,Adversity,Std
MAC001816,ACORN-N,Adversity,Std
MAC002739,ACORN-N,Adversity,Std
MAC001675,ACORN-N,Adversity,Std
MAC001480,ACORN-N,Adversity,ToU
MAC001212,ACORN-N,Adversity,Std
MAC002954,ACORN-N,Adversity,ToU
MAC002758,ACORN-N,Adversity,ToU
MAC002766,ACORN-N,Adversity,Std
MAC004662,ACORN-N,Adversity,Std
MAC004407,ACORN-N,Adversity,Std
MAC005409,ACORN-N,Adversity,Std
MAC004810,ACORN-N,Adversity,Std
MAC002778,ACORN-N,Adversity,Std
MAC002039,ACORN-N,Adversity,ToU
MAC002785,ACORN-N,Adversity,Std
MAC003939,ACORN-N,Adversity,Std
MAC004200,ACORN-N,Adversity,Std
MAC000581,ACORN-N,Adversity,Std
MAC001796,ACORN-N,Adversity,Std
MAC003923,ACORN-N,Adversity,Std
MAC001026,ACORN-N,Adversity,Std
MAC001326,ACORN-N,Adversity,Std
MAC003651,ACORN-N,Adversity,Std
MAC003397,ACORN-N,Adversity,Std
MAC004164,ACORN-N,Adversity,Std
MAC003647,ACORN-N,Adversity,Std
MAC003384,ACORN-N,Adversity,Std
MAC004717,ACORN-N,Adversity,Std
MAC003927,ACORN-N,Adversity,Std
MAC003381,ACORN-N,Adversity,Std
MAC003412,ACORN-N,Adversity,Std
MAC003413,ACORN-N,Adversity,Std
MAC001017,ACORN-N,Adversity,Std
MAC004414,ACORN-N,Adversity,Std
MAC003420,ACORN-N,Adversity,Std
MAC002703,ACORN-N,Adversity,Std
MAC001683,ACORN-N,Adversity,Std
MAC001435,ACORN-N,Adversity,ToU
MAC001982,ACORN-N,Adversity,Std
MAC001643,ACORN-N,Adversity,Std
MAC001727,ACORN-N,Adversity,Std
MAC000938,ACORN-N,Adversity,ToU
MAC003837,ACORN-N,Adversity,Std
MAC003492,ACORN-N,Adversity,Std
MAC004256,ACORN-N,Adversity,Std
MAC001993,ACORN-N,Adversity,ToU
MAC003850,ACORN-N,Adversity,Std
MAC002031,ACORN-N,Adversity,Std
MAC002871,ACORN-N,Adversity,Std
MAC003282,ACORN-N,Adversity,Std
MAC005461,ACORN-N,Adversity,Std
MAC002415,ACORN-N,Adversity,Std
MAC001273,ACORN-N,Adversity,Std
MAC000707,ACORN-N,Adversity,Std
MAC001380,ACORN-N,Adversity,Std
MAC001364,ACORN-N,Adversity,ToU
MAC001866,ACORN-N,Adversity,Std
MAC003544,ACORN-N,Adversity,ToU
MAC004630,ACORN-N,Adversity,Std
MAC001621,ACORN-N,Adversity,Std
MAC003835,ACORN-N,Adversity,Std
MAC000930,ACORN-N,Adversity,Std
MAC003479,ACORN-N,Adversity,Std
MAC004128,ACORN-N,Adversity,Std
MAC001977,ACORN-N,Adversity,Std
MAC004842,ACORN-N,Adversity,Std
MAC002459,ACORN-N,Adversity,Std
MAC002816,ACORN-N,Adversity,Std
MAC003466,ACORN-N,Adversity,Std
MAC003588,ACORN-N,Adversity,ToU
MAC003671,ACORN-N,Adversity,Std
MAC001627,ACORN-N,Adversity,Std
MAC002450,ACORN-N,Adversity,Std
MAC002456,ACORN-N,Adversity,Std
MAC003976,ACORN-N,Adversity,Std
MAC003756,ACORN-O,Adversity,Std
MAC002103,ACORN-O,Adversity,Std
MAC002208,ACORN-O,Adversity,Std
MAC002269,ACORN-O,Adversity,Std
MAC002059,ACORN-O,Adversity,Std
MAC003631,ACORN-O,Adversity,Std
MAC003654,ACORN-O,Adversity,Std
MAC003691,ACORN-O,Adversity,Std
MAC002910,ACORN-O,Adversity,ToU
MAC003694,ACORN-O,Adversity,Std
MAC005124,ACORN-O,Adversity,ToU
MAC001167,ACORN-O,Adversity,Std
MAC003744,ACORN-O,Adversity,Std
MAC004329,ACORN-O,Adversity,Std
MAC003742,ACORN-O,Adversity,Std
MAC003636,ACORN-O,Adversity,Std
MAC003268,ACORN-O,Adversity,ToU
MAC000604,ACORN-O,Adversity,Std
MAC003730,ACORN-O,Adversity,Std
MAC000976,ACORN-O,Adversity,ToU
MAC004376,ACORN-O,Adversity,Std
MAC005148,ACORN-O,Adversity,ToU
MAC003632,ACORN-O,Adversity,Std
MAC000587,ACORN-O,Adversity,ToU
MAC000171,ACORN-O,Adversity,Std
MAC003772,ACORN-O,Adversity,Std
MAC003296,ACORN-O,Adversity,Std
MAC003301,ACORN-O,Adversity,Std
MAC003988,ACORN-O,Adversity,ToU
MAC001639,ACORN-O,Adversity,Std
MAC000786,ACORN-O,Adversity,Std
MAC002770,ACORN-O,Adversity,Std
MAC002734,ACORN-O,Adversity,Std
MAC000474,ACORN-O,Adversity,Std
MAC003373,ACORN-O,Adversity,Std
MAC003929,ACORN-O,Adversity,Std
MAC000757,ACORN-O,Adversity,Std
MAC003376,ACORN-O,Adversity,Std
MAC004479,ACORN-O,Adversity,Std
MAC001762,ACORN-O,Adversity,Std
MAC001775,ACORN-O,Adversity,Std
MAC003433,ACORN-O,Adversity,Std
MAC004021,ACORN-O,Adversity,ToU
MAC003883,ACORN-O,Adversity,Std
MAC004873,ACORN-O,Adversity,Std
MAC002893,ACORN-O,Adversity,Std
MAC005049,ACORN-O,Adversity,Std
MAC001468,ACORN-O,Adversity,Std
MAC003136,ACORN-O,Adversity,Std
MAC003062,ACORN-O,Adversity,Std
MAC004085,ACORN-O,Adversity,Std
MAC005089,ACORN-O,Adversity,Std
MAC001530,ACORN-O,Adversity,Std
MAC002167,ACORN-O,Adversity,ToU
MAC002463,ACORN-O,Adversity,ToU
MAC005140,ACORN-O,Adversity,Std
MAC000427,ACORN-O,Adversity,Std
MAC005153,ACORN-O,Adversity,Std
MAC004017,ACORN-O,Adversity,Std
MAC004011,ACORN-O,Adversity,Std
MAC004076,ACORN-O,Adversity,ToU
MAC000929,ACORN-O,Adversity,Std
MAC002870,ACORN-O,Adversity,Std
MAC002547,ACORN-O,Adversity,Std
MAC004165,ACORN-O,Adversity,Std
MAC000514,ACORN-O,Adversity,Std
MAC003379,ACORN-O,Adversity,ToU
MAC000363,ACORN-O,Adversity,Std
MAC002299,ACORN-O,Adversity,Std
MAC002387,ACORN-O,Adversity,Std
MAC005520,ACORN-O,Adversity,Std
MAC000213,ACORN-O,Adversity,Std
MAC003516,ACORN-O,Adversity,Std
MAC001834,ACORN-O,Adversity,Std
MAC001133,ACORN-O,Adversity,ToU
MAC003578,ACORN-O,Adversity,Std
MAC003797,ACORN-O,Adversity,Std
MAC003779,ACORN-O,Adversity,Std
MAC003390,ACORN-O,Adversity,ToU
MAC000656,ACORN-O,Adversity,Std
MAC002339,ACORN-O,Adversity,Std
MAC003542,ACORN-O,Adversity,Std
MAC005483,ACORN-O,Adversity,Std
MAC000626,ACORN-O,Adversity,Std
MAC002410,ACORN-O,Adversity,Std
MAC000528,ACORN-O,Adversity,Std
MAC004243,ACORN-O,Adversity,Std
MAC003321,ACORN-O,Adversity,ToU
MAC002406,ACORN-O,Adversity,Std
MAC001937,ACORN-O,Adversity,Std
MAC001930,ACORN-O,Adversity,Std
MAC001291,ACORN-O,Adversity,Std
MAC002516,ACORN-O,Adversity,Std
MAC000266,ACORN-O,Adversity,ToU
MAC001850,ACORN-O,Adversity,Std
MAC002453,ACORN-O,Adversity,Std
MAC003462,ACORN-O,Adversity,Std
MAC002418,ACORN-P,Adversity,ToU
MAC000350,ACORN-P,Adversity,Std
MAC000003,ACORN-P,Adversity,Std
MAC004047,ACORN-P,Adversity,Std
MAC004027,ACORN-P,Adversity,Std
MAC002043,ACORN-P,Adversity,Std
MAC002452,ACORN-P,Adversity,ToU
MAC004086,ACORN-P,Adversity,Std
MAC002457,ACORN-P,Adversity,ToU
MAC002992,ACORN-P,Adversity,ToU
MAC001267,ACORN-P,Adversity,Std
MAC001165,ACORN-P,Adversity,ToU
MAC004199,ACORN-P,Adversity,Std
MAC003886,ACORN-P,Adversity,Std
MAC004190,ACORN-P,Adversity,Std
MAC000337,ACORN-P,Adversity,Std
MAC000481,ACORN-P,Adversity,Std
MAC002673,ACORN-P,Adversity,ToU
MAC000999,ACORN-P,Adversity,ToU
MAC002634,ACORN-P,Adversity,ToU
MAC001349,ACORN-P,Adversity,Std
MAC003948,ACORN-P,Adversity,Std
MAC001883,ACORN-P,Adversity,Std
MAC001362,ACORN-P,Adversity,Std
MAC001379,ACORN-P,Adversity,Std
MAC005473,ACORN-P,Adversity,ToU
MAC001254,ACORN-P,Adversity,ToU
MAC003995,ACORN-P,Adversity,Std
MAC000937,ACORN-P,Adversity,ToU
MAC001385,ACORN-P,Adversity,Std
MAC000555,ACORN-P,Adversity,Std
MAC002886,ACORN-P,Adversity,ToU
MAC000570,ACORN-P,Adversity,Std
MAC003087,ACORN-P,Adversity,Std
MAC004931,ACORN-P,Adversity,Std
MAC005398,ACORN-P,Adversity,Std
MAC002938,ACORN-P,Adversity,Std
MAC002940,ACORN-P,Adversity,Std
MAC000649,ACORN-P,Adversity,Std
MAC005397,ACORN-P,Adversity,Std
MAC000645,ACORN-P,Adversity,Std
MAC000029,ACORN-P,Adversity,Std
MAC002304,ACORN-P,Adversity,Std
MAC000919,ACORN-P,Adversity,Std
MAC002979,ACORN-P,Adversity,Std
MAC002986,ACORN-P,Adversity,Std
MAC005388,ACORN-P,Adversity,Std
MAC005128,ACORN-P,Adversity,Std
MAC002429,ACORN-P,Adversity,Std
MAC005386,ACORN-P,Adversity,Std
MAC005385,ACORN-P,Adversity,Std
MAC000383,ACORN-P,Adversity,ToU
MAC003616,ACORN-P,Adversity,Std
MAC004804,ACORN-P,Adversity,Std
MAC002356,ACORN-P,Adversity,Std
MAC004100,ACORN-P,Adversity,ToU
MAC002933,ACORN-P,Adversity,Std
MAC004001,ACORN-P,Adversity,ToU
MAC001072,ACORN-P,Adversity,Std
MAC004008,ACORN-P,Adversity,ToU
MAC002830,ACORN-P,Adversity,Std
MAC002863,ACORN-P,Adversity,Std
MAC005422,ACORN-P,Adversity,Std
MAC004559,ACORN-P,Adversity,ToU
MAC002902,ACORN-P,Adversity,Std
MAC001058,ACORN-P,Adversity,Std
MAC004951,ACORN-P,Adversity,Std
MAC004896,ACORN-P,Adversity,Std
MAC005525,ACORN-P,Adversity,Std
MAC005546,ACORN-P,Adversity,Std
MAC005402,ACORN-P,Adversity,Std
MAC001101,ACORN-P,Adversity,Std
MAC004550,ACORN-P,Adversity,Std
MAC004547,ACORN-P,Adversity,Std
MAC004620,ACORN-P,Adversity,ToU
MAC002366,ACORN-P,Adversity,Std
MAC002801,ACORN-P,Adversity,Std
MAC005272,ACORN-P,Adversity,Std
MAC002435,ACORN-P,Adversity,Std
MAC000025,ACORN-P,Adversity,Std
MAC002671,ACORN-P,Adversity,Std
MAC005344,ACORN-P,Adversity,Std
MAC002696,ACORN-P,Adversity,Std
MAC005345,ACORN-P,Adversity,Std
MAC005348,ACORN-P,Adversity,Std
MAC005350,ACORN-P,Adversity,Std
MAC002762,ACORN-P,Adversity,Std
MAC003700,ACORN-P,Adversity,Std
MAC005010,ACORN-P,Adversity,Std
MAC000869,ACORN-P,Adversity,Std
MAC001177,ACORN-P,Adversity,Std
MAC005289,ACORN-P,Adversity,Std
MAC005340,ACORN-P,Adversity,Std
MAC000617,ACORN-P,Adversity,ToU
MAC000283,ACORN-P,Adversity,Std
MAC000873,ACORN-P,Adversity,Std
MAC005335,ACORN-P,Adversity,Std
MAC005121,ACORN-P,Adversity,ToU
MAC004283,ACORN-P,Adversity,ToU
MAC005376,ACORN-P,Adversity,Std
MAC000565,ACORN-P,Adversity,ToU
MAC000597,ACORN-P,Adversity,Std
MAC005377,ACORN-P,Adversity,Std
MAC002580,ACORN-P,Adversity,Std
MAC002661,ACORN-P,Adversity,Std
MAC002065,ACORN-P,Adversity,Std
MAC005337,ACORN-P,Adversity,Std
MAC002579,ACORN-P,Adversity,Std
MAC002665,ACORN-Q,Adversity,ToU
MAC000752,ACORN-Q,Adversity,Std
MAC000967,ACORN-Q,Adversity,Std
MAC005368,ACORN-Q,Adversity,ToU
MAC001365,ACORN-Q,Adversity,Std
MAC000978,ACORN-Q,Adversity,Std
MAC005465,ACORN-Q,Adversity,ToU
MAC003982,ACORN-Q,Adversity,ToU
MAC001375,ACORN-Q,Adversity,Std
MAC000971,ACORN-Q,Adversity,Std
MAC000981,ACORN-Q,Adversity,Std
MAC000449,ACORN-Q,Adversity,Std
MAC002618,ACORN-Q,Adversity,ToU
MAC000796,ACORN-Q,Adversity,Std
MAC001345,ACORN-Q,Adversity,Std
MAC001342,ACORN-Q,Adversity,Std
MAC000460,ACORN-Q,Adversity,Std
MAC000032,ACORN-Q,Adversity,Std
MAC000457,ACORN-Q,Adversity,Std
MAC001002,ACORN-Q,Adversity,Std
MAC001346,ACORN-Q,Adversity,Std
MAC001003,ACORN-Q,Adversity,Std
MAC000989,ACORN-Q,Adversity,Std
MAC000471,ACORN-Q,Adversity,Std
MAC000472,ACORN-Q,Adversity,Std
MAC000771,ACORN-Q,Adversity,Std
MAC000781,ACORN-Q,Adversity,Std
MAC001007,ACORN-Q,Adversity,Std
MAC000760,ACORN-Q,Adversity,Std
MAC001008,ACORN-Q,Adversity,Std
MAC000758,ACORN-Q,Adversity,Std
MAC000997,ACORN-Q,Adversity,Std
MAC005401,ACORN-Q,Adversity,ToU
MAC003037,ACORN-Q,Adversity,ToU
MAC000022,ACORN-Q,Adversity,Std
MAC000963,ACORN-Q,Adversity,Std
MAC004246,ACORN-Q,Adversity,ToU
MAC000889,ACORN-Q,Adversity,Std
MAC005524,ACORN-Q,Adversity,ToU
MAC000836,ACORN-Q,Adversity,Std
MAC002448,ACORN-Q,Adversity,ToU
MAC001418,ACORN-Q,Adversity,Std
MAC000425,ACORN-Q,Adversity,Std
MAC000838,ACORN-Q,Adversity,Std
MAC002445,ACORN-Q,Adversity,ToU
MAC000870,ACORN-Q,Adversity,Std
MAC000839,ACORN-Q,Adversity,Std
MAC000423,ACORN-Q,Adversity,Std
MAC004331,ACORN-Q,Adversity,ToU
MAC004422,ACORN-Q,Adversity,ToU
MAC002439,ACORN-Q,Adversity,ToU
MAC004419,ACORN-Q,Adversity,ToU
MAC000843,ACORN-Q,Adversity,Std
MAC004350,ACORN-Q,Adversity,ToU
MAC000417,ACORN-Q,Adversity,Std
MAC000416,ACORN-Q,Adversity,Std
MAC000412,ACORN-Q,Adversity,Std
MAC001426,ACORN-Q,Adversity,Std
MAC001428,ACORN-Q,Adversity,Std
MAC001439,ACORN-Q,Adversity,Std
MAC004381,ACORN-Q,Adversity,ToU
MAC001441,ACORN-Q,Adversity,Std
MAC000853,ACORN-Q,Adversity,Std
MAC004366,ACORN-Q,Adversity,ToU
MAC005557,ACORN-Q,Adversity,ToU
MAC000890,ACORN-Q,Adversity,Std
MAC002566,ACORN-Q,Adversity,ToU
MAC004236,ACORN-Q,Adversity,ToU
MAC000894,ACORN-Q,Adversity,Std
MAC000954,ACORN-Q,Adversity,Std
MAC001381,ACORN-Q,Adversity,Std
MAC005474,ACORN-Q,Adversity,ToU
MAC000952,ACORN-Q,Adversity,Std
MAC000949,ACORN-Q,Adversity,Std
MAC000947,ACORN-Q,Adversity,Std
MAC000928,ACORN-Q,Adversity,Std
MAC001389,ACORN-Q,Adversity,Std
MAC004065,ACORN-Q,Adversity,ToU
MAC001394,ACORN-Q,Adversity,Std
MAC004066,ACORN-Q,Adversity,ToU
MAC001018,ACORN-Q,Adversity,Std
MAC000006,ACORN-Q,Adversity,Std
MAC000435,ACORN-Q,Adversity,Std
MAC000434,ACORN-Q,Adversity,Std
MAC001398,ACORN-Q,Adversity,Std
MAC000430,ACORN-Q,Adversity,Std
MAC000926,ACORN-Q,Adversity,Std
MAC001400,ACORN-Q,Adversity,Std
MAC000921,ACORN-Q,Adversity,Std
MAC001406,ACORN-Q,Adversity,Std
MAC002473,ACORN-Q,Adversity,ToU
MAC000915,ACORN-Q,Adversity,Std
MAC002472,ACORN-Q,Adversity,ToU
MAC002464,ACORN-Q,Adversity,ToU
MAC000820,ACORN-Q,Adversity,Std
MAC000906,ACORN-Q,Adversity,Std
MAC005516,ACORN-Q,Adversity,ToU
MAC004231,ACORN-Q,Adversity,ToU
MAC001020,ACORN-Q,Adversity,Std
MAC001316,ACORN-Q,Adversity,Std
MAC001331,ACORN-Q,Adversity,Std
MAC005080,ACORN-Q,Adversity,ToU
MAC001234,ACORN-Q,Adversity,Std
MAC001237,ACORN-Q,Adversity,Std
MAC005076,ACORN-Q,Adversity,ToU
MAC001146,ACORN-Q,Adversity,Std
MAC001238,ACORN-Q,Adversity,Std
MAC000365,ACORN-Q,Adversity,Std
MAC001137,ACORN-Q,Adversity,Std
MAC000615,ACORN-Q,Adversity,Std
MAC001131,ACORN-Q,Adversity,Std
MAC000616,ACORN-Q,Adversity,Std
MAC001128,ACORN-Q,Adversity,Std
MAC000622,ACORN-Q,Adversity,Std
MAC001243,ACORN-Q,Adversity,Std
MAC005022,ACORN-Q,Adversity,ToU
MAC001122,ACORN-Q,Adversity,Std
MAC001247,ACORN-Q,Adversity,Std
MAC000627,ACORN-Q,Adversity,Std
MAC004979,ACORN-Q,Adversity,ToU
MAC000056,ACORN-Q,Adversity,Std
MAC000364,ACORN-Q,Adversity,Std
MAC000054,ACORN-Q,Adversity,Std
MAC001257,ACORN-Q,Adversity,Std
MAC000657,ACORN-Q,Adversity,Std
MAC001106,ACORN-Q,Adversity,Std
MAC000391,ACORN-Q,Adversity,Std
MAC000543,ACORN-Q,Adversity,Std
MAC001266,ACORN-Q,Adversity,Std
MAC005240,ACORN-Q,Adversity,ToU
MAC001153,ACORN-Q,Adversity,Std
MAC000599,ACORN-Q,Adversity,Std
MAC001162,ACORN-Q,Adversity,Std
MAC000061,ACORN-Q,Adversity,Std
MAC002997,ACORN-Q,Adversity,ToU
MAC001207,ACORN-Q,Adversity,Std
MAC003045,ACORN-Q,Adversity,ToU
MAC003047,ACORN-Q,Adversity,ToU
MAC001218,ACORN-Q,Adversity,Std
MAC000571,ACORN-Q,Adversity,Std
MAC001204,ACORN-Q,Adversity,Std
MAC000560,ACORN-Q,Adversity,Std
MAC001193,ACORN-Q,Adversity,Std
MAC003088,ACORN-Q,Adversity,ToU
MAC003097,ACORN-Q,Adversity,ToU
MAC000575,ACORN-Q,Adversity,Std
MAC003099,ACORN-Q,Adversity,ToU
MAC003102,ACORN-Q,Adversity,ToU
MAC001100,ACORN-Q,Adversity,Std
MAC000576,ACORN-Q,Adversity,Std
MAC001226,ACORN-Q,Adversity,Std
MAC002970,ACORN-Q,Adversity,ToU
MAC002963,ACORN-Q,Adversity,ToU
MAC001188,ACORN-Q,Adversity,Std
MAC000579,ACORN-Q,Adversity,Std
MAC000558,ACORN-Q,Adversity,Std
MAC000580,ACORN-Q,Adversity,Std
MAC001176,ACORN-Q,Adversity,Std
MAC000585,ACORN-Q,Adversity,Std
MAC001230,ACORN-Q,Adversity,Std
MAC001168,ACORN-Q,Adversity,Std
MAC000556,ACORN-Q,Adversity,Std
MAC001190,ACORN-Q,Adversity,Std
MAC000542,ACORN-Q,Adversity,Std
MAC004883,ACORN-Q,Adversity,ToU
MAC001094,ACORN-Q,Adversity,Std
MAC000511,ACORN-Q,Adversity,Std
MAC000510,ACORN-Q,Adversity,Std
MAC000735,ACORN-Q,Adversity,Std
MAC002728,ACORN-Q,Adversity,ToU
MAC000740,ACORN-Q,Adversity,Std
MAC001051,ACORN-Q,Adversity,Std
MAC000507,ACORN-Q,Adversity,Std
MAC001050,ACORN-Q,Adversity,Std
MAC001049,ACORN-Q,Adversity,Std
MAC001048,ACORN-Q,Adversity,Std
MAC001047,ACORN-Q,Adversity,Std
MAC000362,ACORN-Q,Adversity,Std
MAC002710,ACORN-Q,Adversity,ToU
MAC000743,ACORN-Q,Adversity,Std
MAC000513,ACORN-Q,Adversity,Std
MAC001314,ACORN-Q,Adversity,Std
MAC004709,ACORN-Q,Adversity,ToU
MAC001040,ACORN-Q,Adversity,Std
MAC001213,ACORN-Q,Adversity,Std
MAC000746,ACORN-Q,Adversity,Std
MAC000486,ACORN-Q,Adversity,Std
MAC004693,ACORN-Q,Adversity,ToU
MAC000748,ACORN-Q,Adversity,Std
MAC003747,ACORN-Q,Adversity,ToU
MAC001330,ACORN-Q,Adversity,Std
MAC001038,ACORN-Q,Adversity,Std
MAC002678,ACORN-Q,Adversity,ToU
MAC001037,ACORN-Q,Adversity,Std
MAC001035,ACORN-Q,Adversity,Std
MAC001031,ACORN-Q,Adversity,Std
MAC001041,ACORN-Q,Adversity,Std
MAC001334,ACORN-Q,Adversity,Std
MAC004744,ACORN-Q,Adversity,ToU
MAC000718,ACORN-Q,Adversity,Std
MAC000684,ACORN-Q,Adversity,Std
MAC000385,ACORN-Q,Adversity,Std
MAC000690,ACORN-Q,Adversity,Std
MAC001269,ACORN-Q,Adversity,Std
MAC001089,ACORN-Q,Adversity,Std
MAC000541,ACORN-Q,Adversity,Std
MAC001086,ACORN-Q,Adversity,Std
MAC000695,ACORN-Q,Adversity,Std
MAC001083,ACORN-Q,Adversity,Std
MAC000696,ACORN-Q,Adversity,Std
MAC000047,ACORN-Q,Adversity,Std
MAC004818,ACORN-Q,Adversity,ToU
MAC001275,ACORN-Q,Adversity,Std
MAC000702,ACORN-Q,Adversity,Std
MAC001298,ACORN-Q,Adversity,Std
MAC004811,ACORN-Q,Adversity,ToU
MAC000711,ACORN-Q,Adversity,Std
MAC001067,ACORN-Q,Adversity,Std
MAC001282,ACORN-Q,Adversity,Std
MAC000534,ACORN-Q,Adversity,Std
MAC000714,ACORN-Q,Adversity,Std
MAC000042,ACORN-Q,Adversity,Std
MAC001289,ACORN-Q,Adversity,Std
MAC001062,ACORN-Q,Adversity,Std
MAC000041,ACORN-Q,Adversity,Std
MAC000527,ACORN-Q,Adversity,Std
MAC001293,ACORN-Q,Adversity,Std
MAC002786,ACORN-Q,Adversity,ToU
MAC000717,ACORN-Q,Adversity,Std
MAC003637,ACORN-Q,Adversity,ToU
MAC000703,ACORN-Q,Adversity,Std
MAC000891,ACORN-Q,Adversity,Std
MAC004064,ACORN-Q,Adversity,Std
MAC001455,ACORN-Q,Adversity,Std
MAC003168,ACORN-Q,Adversity,Std
MAC004946,ACORN-Q,Adversity,Std
MAC004944,ACORN-Q,Adversity,Std
MAC004943,ACORN-Q,Adversity,Std
MAC004941,ACORN-Q,Adversity,Std
MAC004935,ACORN-Q,Adversity,Std
MAC004934,ACORN-Q,Adversity,Std
MAC004920,ACORN-Q,Adversity,Std
MAC000269,ACORN-Q,Adversity,Std
MAC000268,ACORN-Q,Adversity,Std
MAC004898,ACORN-Q,Adversity,Std
MAC004894,ACORN-Q,Adversity,Std
MAC004892,ACORN-Q,Adversity,Std
MAC004889,ACORN-Q,Adversity,Std
MAC005000,ACORN-Q,Adversity,Std
MAC004875,ACORN-Q,Adversity,Std
MAC003138,ACORN-Q,Adversity,Std
MAC003134,ACORN-Q,Adversity,Std
MAC003059,ACORN-Q,Adversity,Std
MAC003060,ACORN-Q,Adversity,Std
MAC003064,ACORN-Q,Adversity,Std
MAC005056,ACORN-Q,Adversity,Std
MAC003070,ACORN-Q,Adversity,Std
MAC005053,ACORN-Q,Adversity,Std
MAC005052,ACORN-Q,Adversity,Std
MAC005045,ACORN-Q,Adversity,Std
MAC003084,ACORN-Q,Adversity,Std
MAC003096,ACORN-Q,Adversity,Std
MAC003108,ACORN-Q,Adversity,Std
MAC003117,ACORN-Q,Adversity,Std
MAC005019,ACORN-Q,Adversity,Std
MAC003123,ACORN-Q,Adversity,Std
MAC003131,ACORN-Q,Adversity,Std
MAC005004,ACORN-Q,Adversity,Std
MAC004870,ACORN-Q,Adversity,Std
MAC004866,ACORN-Q,Adversity,Std
MAC004861,ACORN-Q,Adversity,Std
MAC004734,ACORN-Q,Adversity,Std
MAC004723,ACORN-Q,Adversity,Std
MAC004715,ACORN-Q,Adversity,Std
MAC004700,ACORN-Q,Adversity,Std
MAC000233,ACORN-Q,Adversity,Std
MAC004684,ACORN-Q,Adversity,Std
MAC004681,ACORN-Q,Adversity,Std
MAC004680,ACORN-Q,Adversity,Std
MAC004678,ACORN-Q,Adversity,Std
MAC000231,ACORN-Q,Adversity,Std
MAC004674,ACORN-Q,Adversity,Std
MAC003444,ACORN-Q,Adversity,Std
MAC004667,ACORN-Q,Adversity,Std
MAC004663,ACORN-Q,Adversity,Std
MAC004659,ACORN-Q,Adversity,Std
MAC004735,ACORN-Q,Adversity,Std
MAC004741,ACORN-Q,Adversity,Std
MAC004743,ACORN-Q,Adversity,Std
MAC004745,ACORN-Q,Adversity,Std
MAC004860,ACORN-Q,Adversity,Std
MAC004839,ACORN-Q,Adversity,Std
MAC004835,ACORN-Q,Adversity,Std
MAC004829,ACORN-Q,Adversity,Std
MAC004820,ACORN-Q,Adversity,Std
MAC004816,ACORN-Q,Adversity,Std
MAC004809,ACORN-Q,Adversity,Std
MAC003040,ACORN-Q,Adversity,Std
MAC004808,ACORN-Q,Adversity,Std
MAC004799,ACORN-Q,Adversity,Std
MAC004796,ACORN-Q,Adversity,Std
MAC004791,ACORN-Q,Adversity,Std
MAC004780,ACORN-Q,Adversity,Std
MAC004773,ACORN-Q,Adversity,Std
MAC004771,ACORN-Q,Adversity,Std
MAC004764,ACORN-Q,Adversity,Std
MAC000249,ACORN-Q,Adversity,Std
MAC004652,ACORN-Q,Adversity,Std
MAC003038,ACORN-Q,Adversity,Std
MAC000285,ACORN-Q,Adversity,Std
MAC002832,ACORN-Q,Adversity,Std
MAC005228,ACORN-Q,Adversity,Std
MAC002838,ACORN-Q,Adversity,Std
MAC002840,ACORN-Q,Adversity,Std
MAC002846,ACORN-Q,Adversity,Std
MAC002852,ACORN-Q,Adversity,Std
MAC002854,ACORN-Q,Adversity,Std
MAC002856,ACORN-Q,Adversity,Std
MAC002867,ACORN-Q,Adversity,Std
MAC002875,ACORN-Q,Adversity,Std
MAC002878,ACORN-Q,Adversity,Std
MAC002882,ACORN-Q,Adversity,Std
MAC002887,ACORN-Q,Adversity,Std
MAC005194,ACORN-Q,Adversity,Std
MAC002898,ACORN-Q,Adversity,Std
MAC002825,ACORN-Q,Adversity,Std
MAC002899,ACORN-Q,Adversity,Std
MAC002824,ACORN-Q,Adversity,Std
MAC005237,ACORN-Q,Adversity,Std
MAC002743,ACORN-Q,Adversity,Std
MAC002747,ACORN-Q,Adversity,Std
MAC005265,ACORN-Q,Adversity,Std
MAC002771,ACORN-Q,Adversity,Std
MAC002775,ACORN-Q,Adversity,Std
MAC005260,ACORN-Q,Adversity,Std
MAC005258,ACORN-Q,Adversity,Std
MAC002781,ACORN-Q,Adversity,Std
MAC002793,ACORN-Q,Adversity,Std
MAC002357,ACORN-Q,Adversity,ToU
MAC002803,ACORN-Q,Adversity,Std
MAC002808,ACORN-Q,Adversity,Std
MAC002819,ACORN-Q,Adversity,Std
MAC002821,ACORN-Q,Adversity,Std
MAC005236,ACORN-Q,Adversity,Std
MAC002905,ACORN-Q,Adversity,Std
MAC002906,ACORN-Q,Adversity,Std
MAC002911,ACORN-Q,Adversity,Std
MAC005108,ACORN-Q,Adversity,Std
MAC005105,ACORN-Q,Adversity,Std
MAC005104,ACORN-Q,Adversity,Std
MAC005103,ACORN-Q,Adversity,Std
MAC003020,ACORN-Q,Adversity,Std
MAC003021,ACORN-Q,Adversity,Std
MAC005095,ACORN-Q,Adversity,Std
MAC003023,ACORN-Q,Adversity,Std
MAC003024,ACORN-Q,Adversity,Std
MAC003027,ACORN-Q,Adversity,Std
MAC005082,ACORN-Q,Adversity,Std
MAC003031,ACORN-Q,Adversity,Std
MAC003032,ACORN-Q,Adversity,Std
MAC003003,ACORN-Q,Adversity,Std
MAC005115,ACORN-Q,Adversity,Std
MAC005116,ACORN-Q,Adversity,Std
MAC002993,ACORN-Q,Adversity,Std
MAC002916,ACORN-Q,Adversity,Std
MAC002917,ACORN-Q,Adversity,Std
MAC002934,ACORN-Q,Adversity,Std
MAC002936,ACORN-Q,Adversity,Std
MAC005163,ACORN-Q,Adversity,Std
MAC002948,ACORN-Q,Adversity,Std
MAC003036,ACORN-Q,Adversity,Std
MAC002950,ACORN-Q,Adversity,Std
MAC005142,ACORN-Q,Adversity,Std
MAC002958,ACORN-Q,Adversity,Std
MAC002967,ACORN-Q,Adversity,Std
MAC005136,ACORN-Q,Adversity,Std
MAC002969,ACORN-Q,Adversity,Std
MAC002988,ACORN-Q,Adversity,Std
MAC005145,ACORN-Q,Adversity,Std
MAC002736,ACORN-Q,Adversity,Std
MAC000227,ACORN-Q,Adversity,Std
MAC004624,ACORN-Q,Adversity,Std
MAC004232,ACORN-Q,Adversity,Std
MAC004228,ACORN-Q,Adversity,Std
MAC000174,ACORN-Q,Adversity,Std
MAC003872,ACORN-Q,Adversity,Std
MAC004209,ACORN-Q,Adversity,Std
MAC004208,ACORN-Q,Adversity,Std
MAC003885,ACORN-Q,Adversity,Std
MAC004187,ACORN-Q,Adversity,Std
MAC004183,ACORN-Q,Adversity,Std
MAC004182,ACORN-Q,Adversity,Std
MAC000166,ACORN-Q,Adversity,Std
MAC004180,ACORN-Q,Adversity,Std
MAC003921,ACORN-Q,Adversity,Std
MAC004168,ACORN-Q,Adversity,Std
MAC003924,ACORN-Q,Adversity,Std
MAC003853,ACORN-Q,Adversity,Std
MAC004161,ACORN-Q,Adversity,Std
MAC003849,ACORN-Q,Adversity,Std
MAC000154,ACORN-Q,Adversity,Std
MAC000196,ACORN-Q,Adversity,Std
MAC003741,ACORN-Q,Adversity,Std
MAC004335,ACORN-Q,Adversity,Std
MAC004333,ACORN-Q,Adversity,Std
MAC004324,ACORN-Q,Adversity,Std
MAC003761,ACORN-Q,Adversity,Std
MAC003767,ACORN-Q,Adversity,Std
MAC004305,ACORN-Q,Adversity,Std
MAC004302,ACORN-Q,Adversity,Std
MAC004293,ACORN-Q,Adversity,Std
MAC004291,ACORN-Q,Adversity,Std
MAC003792,ACORN-Q,Adversity,Std
MAC004281,ACORN-Q,Adversity,Std
MAC003813,ACORN-Q,Adversity,Std
MAC004268,ACORN-Q,Adversity,Std
MAC000178,ACORN-Q,Adversity,Std
MAC004156,ACORN-Q,Adversity,Std
MAC004154,ACORN-Q,Adversity,Std
MAC003931,ACORN-Q,Adversity,Std
MAC004019,ACORN-Q,Adversity,Std
MAC004097,ACORN-Q,Adversity,Std
MAC004028,ACORN-Q,Adversity,Std
MAC004092,ACORN-Q,Adversity,Std
MAC004089,ACORN-Q,Adversity,Std
MAC004088,ACORN-Q,Adversity,Std
MAC004044,ACORN-Q,Adversity,Std
MAC004052,ACORN-Q,Adversity,Std
MAC004079,ACORN-Q,Adversity,Std
MAC004078,ACORN-Q,Adversity,Std
MAC004056,ACORN-Q,Adversity,Std
MAC004074,ACORN-Q,Adversity,Std
MAC004061,ACORN-Q,Adversity,Std
MAC004101,ACORN-Q,Adversity,Std
MAC004104,ACORN-Q,Adversity,Std
MAC004109,ACORN-Q,Adversity,Std
MAC004110,ACORN-Q,Adversity,Std
MAC004150,ACORN-Q,Adversity,Std
MAC000162,ACORN-Q,Adversity,Std
MAC003936,ACORN-Q,Adversity,Std
MAC003942,ACORN-Q,Adversity,Std
MAC004140,ACORN-Q,Adversity,Std
MAC003955,ACORN-Q,Adversity,Std
MAC004357,ACORN-Q,Adversity,Std
MAC003964,ACORN-Q,Adversity,Std
MAC004129,ACORN-Q,Adversity,Std
MAC003980,ACORN-Q,Adversity,Std
MAC004123,ACORN-Q,Adversity,Std
MAC003996,ACORN-Q,Adversity,Std
MAC004004,ACORN-Q,Adversity,Std
MAC004005,ACORN-Q,Adversity,Std
MAC003978,ACORN-Q,Adversity,Std
MAC004632,ACORN-Q,Adversity,Std
MAC004358,ACORN-Q,Adversity,Std
MAC004370,ACORN-Q,Adversity,Std
MAC004563,ACORN-Q,Adversity,Std
MAC003530,ACORN-Q,Adversity,Std
MAC004558,ACORN-Q,Adversity,Std
MAC003538,ACORN-Q,Adversity,Std
MAC004544,ACORN-Q,Adversity,Std
MAC003546,ACORN-Q,Adversity,Std
MAC004541,ACORN-Q,Adversity,Std
MAC004540,ACORN-Q,Adversity,Std
MAC000216,ACORN-Q,Adversity,Std
MAC004533,ACORN-Q,Adversity,Std
MAC004530,ACORN-Q,Adversity,Std
MAC004520,ACORN-Q,Adversity,Std
MAC004569,ACORN-Q,Adversity,Std
MAC004516,ACORN-Q,Adversity,Std
MAC003522,ACORN-Q,Adversity,Std
MAC004573,ACORN-Q,Adversity,Std
MAC005564,ACORN-Q,Adversity,ToU
MAC004615,ACORN-Q,Adversity,Std
MAC004607,ACORN-Q,Adversity,Std
MAC004602,ACORN-Q,Adversity,Std
MAC004599,ACORN-Q,Adversity,Std
MAC004598,ACORN-Q,Adversity,Std
MAC004597,ACORN-Q,Adversity,Std
MAC004594,ACORN-Q,Adversity,Std
MAC004591,ACORN-Q,Adversity,Std
MAC000133,ACORN-Q,Adversity,Std
MAC004583,ACORN-Q,Adversity,Std
MAC004577,ACORN-Q,Adversity,Std
MAC004575,ACORN-Q,Adversity,Std
MAC003521,ACORN-Q,Adversity,Std
MAC004514,ACORN-Q,Adversity,Std
MAC004513,ACORN-Q,Adversity,Std
MAC004503,ACORN-Q,Adversity,Std
MAC003645,ACORN-Q,Adversity,Std
MAC004427,ACORN-Q,Adversity,Std
MAC004425,ACORN-Q,Adversity,Std
MAC004416,ACORN-Q,Adversity,Std
MAC003657,ACORN-Q,Adversity,Std
MAC003664,ACORN-Q,Adversity,Std
MAC000204,ACORN-Q,Adversity,Std
MAC004405,ACORN-Q,Adversity,Std
MAC004403,ACORN-Q,Adversity,Std
MAC004395,ACORN-Q,Adversity,Std
MAC004393,ACORN-Q,Adversity,Std
MAC003676,ACORN-Q,Adversity,Std
MAC004384,ACORN-Q,Adversity,Std
MAC004382,ACORN-Q,Adversity,Std
MAC003693,ACORN-Q,Adversity,Std
MAC000207,ACORN-Q,Adversity,Std
MAC004435,ACORN-Q,Adversity,Std
MAC004437,ACORN-Q,Adversity,Std
MAC000208,ACORN-Q,Adversity,Std
MAC003586,ACORN-Q,Adversity,Std
MAC004498,ACORN-Q,Adversity,Std
MAC004495,ACORN-Q,Adversity,Std
MAC000212,ACORN-Q,Adversity,Std
MAC004489,ACORN-Q,Adversity,Std
MAC003594,ACORN-Q,Adversity,Std
MAC004486,ACORN-Q,Adversity,Std
MAC003714,ACORN-Q,Adversity,Std
MAC004481,ACORN-Q,Adversity,Std
MAC004465,ACORN-Q,Adversity,Std
MAC004462,ACORN-Q,Adversity,Std
MAC004461,ACORN-Q,Adversity,Std
MAC004459,ACORN-Q,Adversity,Std
MAC004453,ACORN-Q,Adversity,Std
MAC003630,ACORN-Q,Adversity,Std
MAC004442,ACORN-Q,Adversity,Std
MAC004469,ACORN-Q,Adversity,Std
MAC005287,ACORN-Q,Adversity,Std
MAC002802,ACORN-Q,Adversity,Std
MAC002723,ACORN-Q,Adversity,Std
MAC001917,ACORN-Q,Adversity,Std
MAC001156,ACORN-Q,Adversity,ToU
MAC001922,ACORN-Q,Adversity,Std
MAC001132,ACORN-Q,Adversity,ToU
MAC001129,ACORN-Q,Adversity,ToU
MAC001931,ACORN-Q,Adversity,Std
MAC001102,ACORN-Q,Adversity,ToU
MAC001953,ACORN-Q,Adversity,Std
MAC001092,ACORN-Q,Adversity,ToU
MAC001959,ACORN-Q,Adversity,Std
MAC000329,ACORN-Q,Adversity,Std
MAC000090,ACORN-Q,Adversity,Std
MAC001968,ACORN-Q,Adversity,Std
MAC001983,ACORN-Q,Adversity,Std
MAC001179,ACORN-Q,Adversity,ToU
MAC001994,ACORN-Q,Adversity,Std
MAC001908,ACORN-Q,Adversity,Std
MAC001222,ACORN-Q,Adversity,ToU
MAC001841,ACORN-Q,Adversity,Std
MAC001413,ACORN-Q,Adversity,ToU
MAC001844,ACORN-Q,Adversity,Std
MAC001383,ACORN-Q,Adversity,ToU
MAC001863,ACORN-Q,Adversity,Std
MAC001351,ACORN-Q,Adversity,ToU
MAC001343,ACORN-Q,Adversity,ToU
MAC001871,ACORN-Q,Adversity,Std
MAC001318,ACORN-Q,Adversity,ToU
MAC001876,ACORN-Q,Adversity,Std
MAC001878,ACORN-Q,Adversity,Std
MAC001885,ACORN-Q,Adversity,Std
MAC001894,ACORN-Q,Adversity,Std
MAC001898,ACORN-Q,Adversity,Std
MAC001899,ACORN-Q,Adversity,Std
MAC001907,ACORN-Q,Adversity,Std
MAC002001,ACORN-Q,Adversity,Std
MAC002003,ACORN-Q,Adversity,Std
MAC002009,ACORN-Q,Adversity,Std
MAC002089,ACORN-Q,Adversity,Std
MAC002094,ACORN-Q,Adversity,Std
MAC000759,ACORN-Q,Adversity,ToU
MAC002107,ACORN-Q,Adversity,Std
MAC002116,ACORN-Q,Adversity,Std
MAC005288,ACORN-Q,Adversity,Std
MAC002124,ACORN-Q,Adversity,Std
MAC002128,ACORN-Q,Adversity,Std
MAC000708,ACORN-Q,Adversity,ToU
MAC000704,ACORN-Q,Adversity,ToU
MAC002129,ACORN-Q,Adversity,Std
MAC000683,ACORN-Q,Adversity,ToU
MAC002139,ACORN-Q,Adversity,Std
MAC002146,ACORN-Q,Adversity,Std
MAC002159,ACORN-Q,Adversity,Std
MAC002088,ACORN-Q,Adversity,Std
MAC000092,ACORN-Q,Adversity,Std
MAC000810,ACORN-Q,Adversity,ToU
MAC002077,ACORN-Q,Adversity,Std
MAC000961,ACORN-Q,Adversity,ToU
MAC002023,ACORN-Q,Adversity,Std
MAC002028,ACORN-Q,Adversity,Std
MAC000944,ACORN-Q,Adversity,ToU
MAC000943,ACORN-Q,Adversity,ToU
MAC002033,ACORN-Q,Adversity,Std
MAC002035,ACORN-Q,Adversity,Std
MAC001839,ACORN-Q,Adversity,Std
MAC002045,ACORN-Q,Adversity,Std
MAC002053,ACORN-Q,Adversity,Std
MAC002054,ACORN-Q,Adversity,Std
MAC002055,ACORN-Q,Adversity,Std
MAC002057,ACORN-Q,Adversity,Std
MAC000847,ACORN-Q,Adversity,ToU
MAC002067,ACORN-Q,Adversity,Std
MAC002069,ACORN-Q,Adversity,Std
MAC000879,ACORN-Q,Adversity,ToU
MAC001421,ACORN-Q,Adversity,ToU
MAC001837,ACORN-Q,Adversity,Std
MAC001431,ACORN-Q,Adversity,ToU
MAC001558,ACORN-Q,Adversity,Std
MAC001560,ACORN-Q,Adversity,Std
MAC002108,ACORN-Q,Adversity,ToU
MAC001565,ACORN-Q,Adversity,Std
MAC001574,ACORN-Q,Adversity,Std
MAC001583,ACORN-Q,Adversity,Std
MAC001594,ACORN-Q,Adversity,Std
MAC001598,ACORN-Q,Adversity,Std
MAC002040,ACORN-Q,Adversity,ToU
MAC001603,ACORN-Q,Adversity,Std
MAC002011,ACORN-Q,Adversity,ToU
MAC001616,ACORN-Q,Adversity,Std
MAC001620,ACORN-Q,Adversity,Std
MAC001952,ACORN-Q,Adversity,ToU
MAC002118,ACORN-Q,Adversity,ToU
MAC002119,ACORN-Q,Adversity,ToU
MAC001557,ACORN-Q,Adversity,Std
MAC002126,ACORN-Q,Adversity,ToU
MAC002318,ACORN-Q,Adversity,ToU
MAC001459,ACORN-Q,Adversity,Std
MAC002292,ACORN-Q,Adversity,ToU
MAC001460,ACORN-Q,Adversity,Std
MAC001483,ACORN-Q,Adversity,Std
MAC002236,ACORN-Q,Adversity,ToU
MAC001489,ACORN-Q,Adversity,Std
MAC001622,ACORN-Q,Adversity,Std
MAC001496,ACORN-Q,Adversity,Std
MAC002217,ACORN-Q,Adversity,ToU
MAC000077,ACORN-Q,Adversity,Std
MAC001527,ACORN-Q,Adversity,Std
MAC001540,ACORN-Q,Adversity,Std
MAC001545,ACORN-Q,Adversity,Std
MAC001546,ACORN-Q,Adversity,Std
MAC001549,ACORN-Q,Adversity,Std
MAC001503,ACORN-Q,Adversity,Std
MAC000653,ACORN-Q,Adversity,ToU
MAC001880,ACORN-Q,Adversity,ToU
MAC001752,ACORN-Q,Adversity,Std
MAC001765,ACORN-Q,Adversity,Std
MAC001779,ACORN-Q,Adversity,Std
MAC001785,ACORN-Q,Adversity,Std
MAC001791,ACORN-Q,Adversity,Std
MAC001554,ACORN-Q,Adversity,ToU
MAC001798,ACORN-Q,Adversity,Std
MAC001509,ACORN-Q,Adversity,ToU
MAC001811,ACORN-Q,Adversity,Std
MAC001817,ACORN-Q,Adversity,Std
MAC000334,ACORN-Q,Adversity,Std
MAC001824,ACORN-Q,Adversity,Std
MAC001829,ACORN-Q,Adversity,Std
MAC001449,ACORN-Q,Adversity,ToU
MAC000333,ACORN-Q,Adversity,Std
MAC001751,ACORN-Q,Adversity,Std
MAC001747,ACORN-Q,Adversity,Std
MAC001744,ACORN-Q,Adversity,Std
MAC001640,ACORN-Q,Adversity,Std
MAC001648,ACORN-Q,Adversity,Std
MAC001657,ACORN-Q,Adversity,Std
MAC001663,ACORN-Q,Adversity,Std
MAC001840,ACORN-Q,Adversity,ToU
MAC001672,ACORN-Q,Adversity,Std
MAC001673,ACORN-Q,Adversity,Std
MAC001904,ACORN-Q,Adversity,ToU
MAC001777,ACORN-Q,Adversity,ToU
MAC001755,ACORN-Q,Adversity,ToU
MAC001684,ACORN-Q,Adversity,Std
MAC001692,ACORN-Q,Adversity,Std
MAC001715,ACORN-Q,Adversity,ToU
MAC001703,ACORN-Q,Adversity,Std
MAC001714,ACORN-Q,Adversity,Std
MAC001738,ACORN-Q,Adversity,Std
MAC001773,ACORN-Q,Adversity,ToU
MAC000641,ACORN-Q,Adversity,ToU
MAC002117,ACORN-Q,Adversity,Std
MAC000635,ACORN-Q,Adversity,ToU
MAC005458,ACORN-Q,Adversity,Std
MAC002419,ACORN-Q,Adversity,Std
MAC002424,ACORN-Q,Adversity,Std
MAC005452,ACORN-Q,Adversity,Std
MAC002426,ACORN-Q,Adversity,Std
MAC002427,ACORN-Q,Adversity,Std
MAC005435,ACORN-Q,Adversity,Std
MAC000313,ACORN-Q,Adversity,Std
MAC002475,ACORN-Q,Adversity,Std
MAC002483,ACORN-Q,Adversity,Std
MAC002501,ACORN-Q,Adversity,Std
MAC002511,ACORN-Q,Adversity,Std
MAC005414,ACORN-Q,Adversity,Std
MAC002523,ACORN-Q,Adversity,Std
MAC002416,ACORN-Q,Adversity,Std
MAC005460,ACORN-Q,Adversity,Std
MAC005463,ACORN-Q,Adversity,Std
MAC002408,ACORN-Q,Adversity,Std
MAC005528,ACORN-Q,Adversity,Std
MAC005527,ACORN-Q,Adversity,Std
MAC005519,ACORN-Q,Adversity,Std
MAC000102,ACORN-Q,Adversity,Std
MAC000104,ACORN-Q,Adversity,Std
MAC002391,ACORN-Q,Adversity,Std
MAC005503,ACORN-Q,Adversity,Std
MAC002527,ACORN-Q,Adversity,Std
MAC002392,ACORN-Q,Adversity,Std
MAC005500,ACORN-Q,Adversity,Std
MAC005499,ACORN-Q,Adversity,Std
MAC002400,ACORN-Q,Adversity,Std
MAC002402,ACORN-Q,Adversity,Std
MAC002403,ACORN-Q,Adversity,Std
MAC005487,ACORN-Q,Adversity,Std
MAC005480,ACORN-Q,Adversity,Std
MAC002161,ACORN-Q,Adversity,Std
MAC002531,ACORN-Q,Adversity,Std
MAC002537,ACORN-Q,Adversity,Std
MAC002541,ACORN-Q,Adversity,Std
MAC005336,ACORN-Q,Adversity,Std
MAC002652,ACORN-Q,Adversity,Std
MAC005332,ACORN-Q,Adversity,Std
MAC002653,ACORN-Q,Adversity,Std
MAC005328,ACORN-Q,Adversity,Std
MAC002659,ACORN-Q,Adversity,Std
MAC002674,ACORN-Q,Adversity,Std
MAC005339,ACORN-Q,Adversity,Std
MAC002685,ACORN-Q,Adversity,Std
MAC002689,ACORN-Q,Adversity,Std
MAC002700,ACORN-Q,Adversity,Std
MAC002705,ACORN-Q,Adversity,Std
MAC002707,ACORN-Q,Adversity,Std
MAC002709,ACORN-Q,Adversity,Std
MAC002711,ACORN-Q,Adversity,Std
MAC002717,ACORN-Q,Adversity,Std
MAC002687,ACORN-Q,Adversity,Std
MAC002384,ACORN-Q,Adversity,Std
MAC002646,ACORN-Q,Adversity,Std
MAC002639,ACORN-Q,Adversity,Std
MAC002551,ACORN-Q,Adversity,Std
MAC002559,ACORN-Q,Adversity,Std
MAC005389,ACORN-Q,Adversity,Std
MAC002569,ACORN-Q,Adversity,Std
MAC002572,ACORN-Q,Adversity,Std
MAC005381,ACORN-Q,Adversity,Std
MAC002576,ACORN-Q,Adversity,Std
MAC002642,ACORN-Q,Adversity,Std
MAC002594,ACORN-Q,Adversity,Std
MAC002600,ACORN-Q,Adversity,Std
MAC005369,ACORN-Q,Adversity,Std
MAC002607,ACORN-Q,Adversity,Std
MAC005364,ACORN-Q,Adversity,Std
MAC002632,ACORN-Q,Adversity,Std
MAC002638,ACORN-Q,Adversity,Std
MAC000305,ACORN-Q,Adversity,Std
MAC003707,ACORN-Q,Adversity,Std
MAC005545,ACORN-Q,Adversity,Std
MAC002308,ACORN-Q,Adversity,Std
MAC002305,ACORN-Q,Adversity,Std
MAC000529,ACORN-Q,Adversity,ToU
MAC002196,ACORN-Q,Adversity,Std
MAC000236,ACORN-Q,Adversity,ToU
MAC002298,ACORN-Q,Adversity,Std
MAC002206,ACORN-Q,Adversity,Std
MAC000316,ACORN-Q,Adversity,Std
MAC002294,ACORN-Q,Adversity,Std
MAC002293,ACORN-Q,Adversity,Std
MAC002209,ACORN-Q,Adversity,Std
MAC002229,ACORN-Q,Adversity,Std
MAC000583,ACORN-Q,Adversity,ToU
MAC000292,ACORN-Q,Adversity,ToU
MAC000293,ACORN-Q,Adversity,ToU
MAC002287,ACORN-Q,Adversity,Std
MAC002234,ACORN-Q,Adversity,Std
MAC002276,ACORN-Q,Adversity,Std
MAC002274,ACORN-Q,Adversity,Std
MAC002270,ACORN-Q,Adversity,Std
MAC000392,ACORN-Q,Adversity,ToU
MAC000402,ACORN-Q,Adversity,ToU
MAC002237,ACORN-Q,Adversity,Std
MAC000408,ACORN-Q,Adversity,ToU
MAC002258,ACORN-Q,Adversity,Std
MAC002248,ACORN-Q,Adversity,Std
MAC002379,ACORN-Q,Adversity,Std
MAC002315,ACORN-Q,Adversity,Std
MAC000549,ACORN-Q,Adversity,ToU
MAC002325,ACORN-Q,Adversity,Std
MAC005547,ACORN-Q,Adversity,Std
MAC002365,ACORN-Q,Adversity,Std
MAC002364,ACORN-Q,Adversity,Std
MAC002168,ACORN-Q,Adversity,Std
MAC005567,ACORN-Q,Adversity,Std
MAC002173,ACORN-Q,Adversity,Std
MAC000031,ACORN-Q,Adversity,ToU
MAC002353,ACORN-Q,Adversity,Std
MAC002191,ACORN-Q,Adversity,Std
MAC002174,ACORN-Q,Adversity,Std
MAC002175,ACORN-Q,Adversity,Std
MAC002352,ACORN-Q,Adversity,Std
MAC002345,ACORN-Q,Adversity,Std
MAC002185,ACORN-Q,Adversity,Std
MAC002347,ACORN-Q,Adversity,Std
MAC000088,ACORN-Q,Adversity,ToU
MAC002331,ACORN-Q,Adversity,Std
MAC000318,ACORN-Q,Adversity,Std
MAC003916,ACORN-U,ACORN-U,ToU
MAC004010,ACORN-U,ACORN-U,Std
MAC004788,ACORN-U,ACORN-U,Std
MAC004672,ACORN-U,ACORN-U,Std
MAC002152,ACORN-U,ACORN-U,Std
MAC005363,ACORN-U,ACORN-U,Std
MAC003407,ACORN-U,ACORN-U,Std
MAC002647,ACORN-U,ACORN-U,Std
MAC002087,ACORN-U,ACORN-U,Std
MAC003328,ACORN-U,ACORN-U,Std
MAC002720,ACORN-U,ACORN-U,Std
MAC003977,ACORN-U,ACORN-U,ToU
MAC003992,ACORN-U,ACORN-U,Std
MAC001851,ACORN-U,ACORN-U,ToU
MAC004142,ACORN-U,ACORN-U,Std
MAC003078,ACORN-U,ACORN-U,Std
MAC004323,ACORN-U,ACORN-U,ToU
MAC005036,ACORN-U,ACORN-U,Std
MAC004067,ACORN-U,ACORN-U,Std
MAC003619,ACORN-U,ACORN-U,Std
MAC000099,ACORN-U,ACORN-U,Std
MAC001256,ACORN-U,ACORN-U,Std
MAC001147,ACORN-U,ACORN-U,ToU
MAC003163,ACORN-U,ACORN-U,Std
MAC001795,ACORN-U,ACORN-U,Std
MAC004515,ACORN-U,ACORN-U,Std
MAC003780,ACORN-U,ACORN-U,Std
MAC004467,ACORN-U,ACORN-U,ToU
MAC001600,ACORN-U,ACORN-U,Std
MAC005424,ACORN-U,ACORN-U,Std
MAC001706,ACORN-U,ACORN-U,ToU
MAC001997,ACORN-U,ACORN-U,Std
MAC002485,ACORN-U,ACORN-U,Std
MAC003860,ACORN-U,ACORN-U,Std
MAC000023,ACORN-U,ACORN-U,Std
MAC004215,ACORN-U,ACORN-U,Std
MAC003884,ACORN-U,ACORN-U,Std
MAC003652,ACORN-U,ACORN-U,ToU
MAC001348,ACORN-U,ACORN-U,Std
MAC004570,ACORN-U,ACORN-U,Std
MAC003317,ACORN-U,ACORN-U,Std
MAC002056,ACORN-U,ACORN-U,Std
MAC004587,ACORN-U,ACORN-U,Std
MAC004828,ACORN-U,ACORN-U,Std
MAC001704,ACORN-U,ACORN-U,ToU
MAC002774,ACORN-U,ACORN-U,ToU
